City,Country,Latitude,Longitude,Meal_InexpensiveRestaurant,Meal_MidRangeRestaurant,McMeal_McDonalds,DomesticBeer_Restaurant,ImportedBeer_Restaurant,Cappuccino_Restaurant,CokePepsi_Restaurant,Water_Restaurant,Milk,LoafOfBread,Rice,Eggs,LocalCheese,ChickenFillets,BeefRound,Apples,Banana,Oranges,Tomato,Potato,Onion,Lettuce,Water_Market,Wine_MidRange,DomesticBeer_Market,ImportedBeer_Market,Cigarettes,OneWayTicket_LocalTransport,MonthlyPass_RegularPrice,TaxiStart,Taxi1km,Taxi1hourWaiting,Gasoline,VolkswagenGolf,ToyotaCorolla,Utilities_Monthly,MobileTariff_Local,Internet,FitnessClub_Monthly,TennisCourtRent,Cinema_InternationalRelease,Preschool_Monthly,InternationalPrimarySchool_Yearly,Jeans,SummerDress,NikeRunningShoes,MenLeatherShoes,Apartment1Bedroom_CityCentre,Apartment1Bedroom_OutsideCentre,Apartment3Bedrooms_CityCentre,Apartment3Bedrooms_OutsideCentre,PricePerSquareMeter_CityCentre,PricePerSquareMeter_OutsideCentre,AverageMonthlyNetSalary,MortgageInterestRate,data_quality
's-Hertogenbosch,Netherlands,51.69,5.3,17.53,58.41,8.42,4.02,2.92,2.83,2.61,2.12,0.95,1.8,1.8,1.62,10.59,7.77,24.55,2.6,1.26,1.34,2.46,0.93,0.87,0.73,0.55,5.83,1.16,1.5,7.79,3.11,55.98,3.02,2.0,24.82,2.05,19597.09,19611.7,142.38,0.08,33.99,19.54,25.96,9.49,1687.44,5370.62,73.25,32.0,84.2,100.59,890.78,696.07,1691.5,1338.6,4186.16,3050.39,2466.27,2.1,1.0
Aachen,Germany,50.78,6.08,9.74,48.68,7.79,3.41,3.89,2.71,2.17,2.13,0.93,1.01,1.76,2.38,9.81,9.2,14.62,2.15,1.53,2.03,0.9,1.56,1.29,1.01,0.46,5.84,0.58,1.24,7.4,2.83,68.14,3.7,1.85,29.2,2.14,17036.71,21742.09,225.48,0.11,28.8,23.25,15.09,9.74,470.99,11682.32,84.41,40.16,75.08,96.14,592.72,410.03,1124.96,882.87,7122.97,4105.04,2609.11,2.07,1.0
Aalborg,Denmark,57.05,9.92,17.03,85.13,10.48,6.55,5.56,4.44,3.41,2.41,1.49,2.5,2.06,3.98,11.02,10.31,15.2,2.7,2.6,2.58,2.6,1.82,1.4,1.52,1.65,9.5,1.66,2.65,7.21,3.14,52.38,6.55,2.16,52.41,1.94,34442.57,42213.41,187.84,0.11,29.31,31.41,19.64,15.72,333.95,4203.82,80.21,30.12,83.47,107.58,699.7,502.01,1177.0,944.37,4054.63,3094.14,3185.63,1.79,1.0
Aarhus,Denmark,56.15,10.21,19.64,85.13,11.52,7.21,5.24,5.18,3.11,2.62,1.42,2.58,2.18,3.53,9.97,10.19,14.98,2.52,2.29,2.62,3.37,1.69,1.7,1.8,1.01,8.84,1.57,1.92,8.19,3.01,52.38,6.55,1.31,56.97,1.93,39157.14,44002.68,198.37,0.19,28.23,32.06,23.31,13.23,627.83,4496.3,95.42,41.16,81.85,148.42,983.14,619.54,1881.07,1309.6,5706.13,3055.74,3195.44,1.96,1.0
Aix-en-Provence,France,43.53,5.45,17.53,68.14,9.74,5.84,5.84,3.29,3.09,1.88,1.05,2.02,1.21,2.79,11.82,10.06,14.61,2.0,1.57,2.16,2.42,1.63,2.28,1.24,0.7,7.79,2.92,2.43,9.74,1.46,50.62,1.95,1.67,27.46,1.94,20417.78,26479.92,127.6,0.19,30.02,31.64,22.72,11.2,719.44,9410.75,62.31,43.81,94.11,159.01,868.6,708.51,1746.27,1423.78,8112.72,5549.1,2365.67,1.67,1.0
Alicante,Spain,38.34,-0.49,12.61,43.81,7.79,2.92,2.92,1.72,1.37,0.67,0.82,1.24,1.06,1.95,9.76,5.92,10.85,1.38,1.52,1.0,1.65,1.13,0.96,0.88,0.55,3.89,0.91,1.57,4.87,1.41,34.07,3.89,1.19,20.93,1.58,21417.58,23689.14,126.5,0.12,29.64,34.31,8.64,7.52,340.73,6317.87,67.5,27.54,67.45,60.24,633.88,535.44,965.41,789.45,1914.61,1603.51,1380.05,1.8,1.0
Almeria,Spain,36.84,-2.46,11.68,43.81,7.79,2.92,2.92,1.39,2.07,1.29,0.86,0.67,2.11,1.74,11.2,6.79,10.06,1.43,1.3,1.22,1.26,0.96,1.41,1.03,0.51,4.87,0.7,1.46,5.36,1.04,19.46,5.36,0.79,15.58,1.62,24678.9,21880.01,105.39,0.12,36.51,32.85,9.74,6.82,436.47,7885.57,83.24,30.02,76.26,101.25,571.95,421.86,713.92,567.89,1377.54,1069.66,1630.65,2.93,1.0
Amersfoort,Netherlands,52.16,5.41,15.58,63.28,9.74,4.87,4.14,2.86,2.56,1.89,0.99,1.84,1.56,1.59,10.86,8.01,26.76,2.52,1.25,1.31,2.56,0.93,0.87,0.73,0.92,5.83,1.27,1.95,7.79,2.92,109.04,8.03,2.43,21.03,2.04,32856.52,28556.78,170.37,0.12,36.35,31.48,19.14,11.68,1849.7,1947.05,77.88,37.32,100.6,69.77,1038.42,892.4,1622.54,1330.49,4088.81,5354.4,3115.28,2.14,1.0
Amsterdam,Netherlands,52.37,4.89,18.01,77.88,9.74,5.53,4.87,3.31,2.51,2.32,1.15,1.52,1.94,3.46,12.84,9.35,19.38,2.3,1.67,1.76,2.93,1.72,1.1,0.97,0.97,6.57,1.46,1.83,7.98,3.11,96.87,4.87,2.4,44.78,2.08,26275.48,28884.53,260.48,0.1,45.92,39.51,27.69,13.15,1712.71,13496.12,82.75,37.18,93.09,126.28,1662.69,1426.8,2803.43,2071.75,9068.13,6027.49,3377.16,2.81,1.0
Ancona,Italy,43.48,13.22,14.61,58.41,8.28,4.87,4.63,1.31,2.39,0.91,1.19,1.93,1.84,2.95,14.0,9.16,20.42,1.87,1.64,2.07,2.27,1.29,1.63,2.01,0.54,5.84,1.54,1.48,5.21,1.34,34.07,4.87,1.65,34.07,1.97,22391.11,32613.14,153.36,0.27,27.59,45.2,29.2,8.76,646.42,7788.21,75.93,32.91,75.79,91.51,458.37,413.75,934.59,657.13,2920.58,2263.45,1389.98,1.88,1.0
Annecy,France,45.9,6.13,14.61,116.82,8.47,8.76,4.63,3.27,2.63,2.19,0.97,1.05,1.88,3.03,15.54,13.82,20.69,3.77,3.41,3.65,3.87,1.92,2.46,1.03,2.6,10.22,1.7,3.65,9.74,1.46,29.2,2.02,1.91,18.11,1.93,23363.66,21416.61,156.48,0.17,29.2,39.75,15.9,11.68,689.58,10222.03,102.22,41.37,111.95,202.82,821.42,649.82,1440.82,1080.62,7950.47,5029.89,2385.14,1.33,1.0
Antwerp,Belgium,51.22,4.4,17.53,73.01,8.76,3.89,3.89,3.07,2.51,2.29,1.0,1.91,2.49,3.04,8.44,8.0,13.41,2.31,1.62,2.72,2.56,1.56,1.28,1.06,0.97,6.82,1.76,1.82,7.45,2.43,47.7,4.87,1.95,34.07,1.86,24338.17,24823.31,192.93,0.2,48.68,41.37,22.51,11.68,408.88,15576.42,89.78,43.26,80.59,111.35,789.41,650.64,1265.59,1008.68,3024.02,2385.14,2318.94,1.64,1.0
Arad,Romania,46.18,21.32,5.04,23.73,4.45,1.58,1.88,1.55,1.15,1.11,1.28,0.94,0.99,2.37,5.93,4.6,11.86,0.68,0.99,1.03,1.58,0.53,0.54,0.59,0.52,5.93,0.88,1.26,4.65,0.59,17.8,0.59,0.59,5.93,1.58,15565.72,17177.61,136.2,0.05,7.42,26.7,6.92,3.95,197.78,3461.23,59.33,32.14,69.23,74.17,219.72,167.21,390.69,268.94,829.0,698.97,666.45,4.64,1.0
Arese,Italy,45.55,9.08,14.61,58.41,7.79,4.87,3.89,1.6,2.81,1.1,1.09,2.07,2.43,2.12,14.61,7.79,16.22,1.58,1.78,2.04,1.95,1.46,1.63,1.14,0.28,3.89,1.63,2.42,5.6,1.46,31.64,4.23,1.95,48.68,2.13,23364.64,18497.01,197.14,0.16,27.58,45.7,25.55,8.76,649.02,10384.28,79.34,29.2,79.51,110.33,535.44,389.41,973.53,681.47,2531.17,2044.4,1442.04,1.74,1.0
Arnhem,Netherlands,52.01,5.88,16.55,48.68,8.76,4.87,3.89,2.85,2.25,2.07,0.95,1.69,1.94,1.75,10.62,7.66,23.93,2.5,1.25,1.32,2.49,0.94,0.89,0.73,0.75,5.35,1.12,1.4,7.79,2.34,97.35,3.09,2.18,36.02,2.07,27984.03,30154.99,152.43,0.1,37.72,27.99,9.74,11.68,1362.93,4478.22,75.45,30.83,82.5,85.99,890.78,803.16,1437.17,1171.4,3812.81,2785.26,2559.79,2.06,1.0
Athens,Greece,37.98,23.73,11.68,48.68,6.82,3.89,4.87,3.28,1.79,0.49,1.5,1.06,2.13,3.58,9.93,8.25,10.75,1.81,1.72,1.12,1.84,1.02,0.91,0.85,0.83,6.82,1.4,2.14,4.48,1.16,29.2,3.41,0.78,14.61,2.1,21417.58,22047.94,244.94,0.45,29.75,36.72,23.12,7.79,456.38,8768.02,72.74,32.56,76.55,89.61,481.98,429.97,836.46,805.34,2445.69,2369.32,887.25,3.82,1.0
Augsburg,Germany,48.37,10.9,11.68,58.41,8.76,3.11,2.92,2.83,1.87,1.63,1.04,2.92,1.85,2.51,12.08,5.5,11.68,2.76,1.55,1.94,0.77,1.63,0.87,1.2,0.55,6.33,0.53,1.1,6.82,3.11,59.15,3.7,1.76,35.04,2.14,24824.93,21093.08,221.23,0.09,31.77,34.89,16.07,9.74,306.66,11195.56,80.31,35.29,72.04,131.43,822.63,546.79,1314.26,1143.89,5841.16,4867.64,2098.17,1.31,1.0
Aveiro,Portugal,40.64,-8.65,6.82,29.2,6.33,1.95,2.43,1.29,1.37,1.0,0.73,1.13,1.03,1.9,7.05,5.78,8.28,1.47,1.06,1.42,1.62,1.03,1.03,1.04,0.35,2.92,1.3,1.56,4.96,1.95,29.2,3.41,0.91,14.61,1.97,19470.53,25311.7,99.21,0.12,31.76,30.42,12.17,6.82,356.96,11682.32,69.24,28.51,56.95,62.67,537.32,478.65,872.12,717.98,2174.21,1411.61,787.93,2.47,1.0
Bacau,Romania,46.42,26.72,7.91,35.6,5.15,1.18,1.18,1.45,1.26,1.05,1.23,0.69,1.37,2.43,4.94,4.72,8.66,0.85,1.12,1.12,2.11,0.46,0.48,0.5,0.54,4.94,0.87,1.22,4.35,0.47,12.36,0.5,0.5,4.94,1.6,15565.72,16811.71,137.55,0.05,8.66,30.65,9.89,4.75,217.56,4351.27,59.33,47.47,67.19,74.17,252.97,216.88,380.65,384.32,1007.81,947.33,468.09,4.13,1.0
Barcelona,Spain,41.38,2.18,13.63,58.41,8.76,2.92,3.41,2.17,2.03,1.4,0.92,1.39,1.25,2.42,11.38,6.88,11.09,1.91,1.84,1.68,2.13,1.29,1.41,0.99,0.75,5.84,1.07,1.58,4.87,2.34,38.94,2.92,1.95,23.36,1.89,24337.2,24788.13,157.84,0.21,37.09,42.29,22.63,8.76,478.65,10536.08,71.33,30.31,76.38,98.47,1001.22,786.32,1661.33,1276.15,4714.63,2938.01,1827.63,1.95,1.0
Bergamo,Italy,45.76,9.75,14.61,60.85,7.79,4.87,4.38,1.52,2.85,1.4,1.23,1.84,1.88,2.79,13.63,9.25,15.25,2.0,1.6,2.12,3.16,1.52,1.27,1.22,0.41,5.84,1.54,2.18,5.45,1.46,46.56,7.79,1.95,34.07,1.94,21904.35,24824.93,234.11,0.06,27.12,41.46,29.85,9.74,496.5,8031.6,77.15,31.84,82.06,114.66,632.79,523.27,1460.29,803.16,2157.98,1338.6,1655.0,1.6,1.0
Berlin,Germany,52.51,13.4,11.68,58.41,8.76,3.89,3.89,3.11,2.33,1.8,1.1,1.57,2.25,2.76,11.72,9.12,13.33,2.49,1.68,2.36,2.93,1.85,1.39,1.31,0.64,5.45,1.04,1.47,7.79,2.92,82.75,3.89,2.1,32.12,2.0,29176.59,26002.77,284.83,0.1,37.18,37.48,18.58,11.68,176.52,8112.72,81.65,34.24,78.97,101.86,1221.27,893.54,2260.74,1604.63,7949.34,5247.31,2917.64,2.01,1.0
Bielefeld,Germany,52.02,8.53,9.74,43.81,8.76,3.89,2.92,3.09,1.95,1.64,0.89,2.34,1.94,2.44,8.66,7.66,22.86,2.37,1.55,2.49,0.77,1.22,1.29,0.76,0.63,4.87,0.57,1.37,6.82,2.73,87.62,5.94,1.95,32.12,2.11,30899.73,24313.83,281.47,0.08,28.39,27.58,24.33,11.68,333.43,9248.5,81.0,30.51,77.69,88.83,545.18,724.06,1533.31,1181.86,3942.78,3212.64,2312.12,2.22,1.0
Bilbao,Spain,43.26,-2.94,12.17,53.55,7.79,2.92,2.92,1.54,1.94,1.19,0.86,1.42,1.22,2.64,15.96,7.89,12.9,1.89,1.76,1.65,2.39,1.05,1.53,1.0,0.82,4.38,0.86,1.72,4.94,1.16,38.94,4.75,0.88,28.23,1.59,19470.53,22050.38,121.99,0.24,32.45,45.2,11.93,7.79,402.39,7463.7,90.12,31.64,79.97,111.26,882.26,754.48,1314.26,1062.77,3675.06,2725.49,1800.9,1.96,1.0
Bologna,Italy,44.49,11.34,16.55,65.72,7.79,4.87,4.63,1.53,2.48,1.08,1.11,1.86,2.12,3.26,12.96,9.3,15.34,1.8,1.64,2.1,2.48,1.27,1.08,0.96,0.4,5.84,1.64,2.15,5.36,1.46,34.56,4.87,1.12,25.31,1.91,24338.17,26528.6,212.3,0.22,27.56,51.08,24.63,8.76,565.86,12331.34,73.34,25.72,77.6,108.58,742.88,571.42,1416.74,1066.01,3883.29,2650.16,1550.6,1.92,1.0
Bonn,Germany,50.74,7.1,14.61,68.14,7.79,4.14,3.89,2.82,2.07,1.73,0.93,1.1,1.87,2.34,10.75,7.89,21.42,2.37,1.55,2.06,0.92,1.1,0.87,1.31,0.41,4.87,0.52,1.36,7.3,2.92,107.09,3.41,1.85,36.22,2.1,23856.27,23678.6,263.29,0.09,33.31,38.09,19.67,10.71,472.16,15576.42,72.88,33.46,85.67,94.19,616.57,571.14,2044.4,1619.3,5841.16,3650.72,2110.37,2.46,1.0
Bordeaux,France,44.84,-0.58,14.61,60.85,8.76,5.36,5.84,3.96,3.13,1.76,0.97,2.18,2.04,2.99,17.53,14.12,18.26,2.6,1.97,2.76,2.43,1.28,1.95,1.22,0.58,9.74,2.77,2.92,9.74,1.65,39.04,1.95,1.62,32.71,1.92,23364.64,24013.65,149.37,0.1,34.07,28.72,16.22,10.22,591.18,4932.54,89.24,30.96,91.51,111.71,742.31,590.2,1119.56,1073.31,4974.08,3829.2,2295.25,1.45,1.0
Braga,Portugal,41.55,-8.43,7.79,29.2,6.33,1.65,2.92,1.53,1.31,0.91,0.65,0.93,1.08,1.88,7.85,4.86,10.64,1.52,1.11,1.38,1.75,0.93,1.11,0.76,0.48,3.89,1.08,1.23,4.87,1.51,25.31,2.92,0.46,14.61,1.98,24338.17,24338.17,94.82,0.14,30.72,35.47,7.67,6.13,269.35,5347.9,71.67,29.45,57.81,52.33,576.01,433.22,892.4,705.81,1768.57,924.85,946.66,1.45,1.0
Brasov,Romania,45.65,25.61,6.92,30.65,5.04,1.58,2.48,2.09,1.39,1.14,1.2,0.94,1.61,2.74,6.13,5.28,7.2,0.89,1.29,1.15,1.93,0.58,0.57,0.69,0.59,5.93,0.74,1.35,4.4,0.5,16.81,0.5,0.44,4.33,1.62,20902.99,20699.62,115.96,0.05,8.75,36.26,10.63,6.23,322.39,4845.73,68.07,42.72,64.74,85.64,357.08,283.86,603.77,447.8,1514.87,1125.65,653.39,6.35,1.0
Bratislava,Slovakia,48.15,17.11,7.79,43.81,6.82,1.95,2.49,2.32,1.87,1.51,0.89,1.2,1.42,2.48,10.6,6.01,11.38,1.5,1.48,1.86,3.13,1.0,0.87,1.13,0.68,4.87,0.89,1.42,4.38,0.88,29.2,3.89,0.97,15.19,1.74,22391.11,22081.83,202.49,0.06,18.51,32.12,12.4,8.76,495.8,12899.22,65.98,31.15,69.56,90.48,628.87,477.94,1134.53,816.85,4624.25,3341.09,1181.92,1.5,1.0
Breda,Netherlands,51.59,4.78,19.23,58.41,8.28,4.87,4.38,3.13,2.92,1.91,0.97,1.88,1.94,1.59,10.87,7.77,26.76,2.61,1.24,1.35,2.39,0.93,0.87,0.73,0.58,5.83,1.15,1.64,7.79,3.7,125.1,5.11,2.92,29.2,2.07,27716.31,26991.03,173.25,0.07,42.25,34.56,0.0,10.95,1703.67,5597.78,75.45,29.2,85.18,90.86,885.42,890.78,1752.35,1655.0,4612.08,3819.14,4069.35,2.5,1.0
Bremen,Germany,53.08,8.81,11.68,48.68,9.73,4.38,2.92,3.09,1.87,2.15,1.11,1.6,1.81,2.44,13.92,6.86,18.82,2.91,1.55,1.91,0.79,2.07,0.94,1.36,0.48,4.86,0.58,1.52,6.91,2.77,66.0,3.41,2.24,29.2,2.11,22391.11,20444.06,205.36,0.09,34.07,23.97,12.17,9.49,418.68,18131.93,77.39,33.43,76.42,96.87,608.45,465.9,1204.74,842.91,3894.11,2871.91,2125.46,2.51,1.0
Brescia,Italy,45.78,10.43,14.12,58.41,8.28,4.87,4.87,1.58,2.8,1.03,1.16,2.13,1.76,3.82,11.56,9.12,17.65,2.21,1.79,1.79,2.19,1.15,1.03,1.63,0.44,5.36,1.29,2.06,5.84,1.37,34.56,6.33,0.95,22.2,2.04,20444.06,20119.55,222.77,0.18,27.15,42.71,19.47,11.68,454.31,15576.42,58.17,29.01,73.62,85.99,609.42,697.69,1622.54,746.54,2596.07,1508.97,1429.87,1.2,1.0
Brno,Czech Republic,49.19,16.61,7.2,31.98,6.39,1.8,2.0,2.34,1.4,1.18,0.87,1.1,1.66,1.84,8.52,6.4,9.7,1.4,1.25,1.59,2.54,0.73,0.78,1.03,0.52,4.79,0.74,1.29,5.31,1.0,21.98,2.4,1.2,9.59,1.8,21980.99,23209.42,218.69,0.15,20.93,39.87,12.22,7.99,334.26,8157.22,73.48,32.97,77.78,96.49,636.78,514.22,1054.74,840.87,4749.97,3907.77,1326.74,4.2,1.0
Bruges,Belgium,51.21,3.23,14.61,70.58,6.82,3.41,2.92,2.85,2.24,1.91,0.78,1.46,1.7,1.89,9.74,9.44,16.5,1.46,1.65,1.65,1.61,0.88,0.76,0.95,0.46,4.87,1.46,1.39,4.87,2.83,19.47,2.34,2.43,29.2,1.77,21417.58,26285.22,159.19,0.23,42.59,26.28,11.68,11.2,170.37,5516.65,80.8,31.64,58.41,102.22,628.9,559.77,935.98,731.77,2652.86,1947.05,1947.05,1.48,1.0
Brussels,Belgium,50.85,4.35,14.61,68.14,8.76,4.87,4.87,3.09,2.34,2.37,1.03,1.89,1.83,2.85,13.54,9.21,15.99,2.21,1.5,2.31,2.44,1.31,1.14,1.38,0.92,7.79,2.04,3.08,7.3,2.34,48.68,4.77,1.95,29.2,1.83,24338.17,26022.37,191.98,0.25,47.88,30.03,21.79,11.68,820.55,21670.7,77.44,27.85,84.7,114.98,909.95,750.91,1585.97,1396.24,3779.96,3168.39,2585.0,1.52,1.0
Bucharest,Romania,44.44,26.1,9.89,39.56,5.34,1.98,2.37,2.41,1.73,1.5,1.43,0.92,1.51,2.53,6.75,5.58,8.88,0.95,1.34,1.28,1.55,0.69,0.7,0.69,0.58,5.93,0.82,1.31,4.75,0.59,15.83,0.55,0.54,5.74,1.62,20210.74,21368.39,109.84,0.07,7.73,42.21,16.76,6.92,441.14,7913.12,67.3,36.61,68.09,85.48,434.42,310.61,821.35,525.92,2334.32,1422.95,876.63,5.94,1.0
Budapest,Hungary,47.48,19.15,7.6,35.63,5.23,1.9,1.9,1.71,1.05,0.86,1.0,1.25,1.55,2.57,9.21,4.44,9.32,1.39,1.47,1.83,2.28,1.0,1.0,1.23,0.37,4.28,0.8,1.35,4.75,0.83,22.57,2.37,0.95,14.26,1.43,21786.46,20336.13,142.31,0.07,11.84,40.86,10.47,5.46,333.97,8102.01,64.27,29.46,65.71,80.62,454.95,348.74,818.63,588.51,3147.75,2095.57,900.3,7.51,1.0
Burgas,Bulgaria,42.5,27.35,7.4,29.62,6.42,1.61,1.73,1.68,0.96,0.66,1.13,0.69,1.53,1.82,6.76,5.21,9.26,1.07,1.48,1.16,1.89,0.74,0.75,0.68,0.52,4.93,0.71,0.95,2.82,0.74,22.21,0.81,0.49,3.46,1.4,19992.52,21382.86,87.49,0.13,9.51,23.7,8.39,5.92,172.77,1579.66,49.11,22.63,64.79,75.96,304.42,225.98,530.03,388.75,1250.56,824.63,645.17,3.75,1.0
Bydgoszcz,Poland,53.12,18.0,7.29,37.48,5.2,2.92,3.02,2.49,1.29,1.15,0.65,0.9,1.03,3.29,6.92,3.9,10.28,0.88,1.33,1.46,1.76,0.57,0.69,0.82,0.42,6.25,0.9,1.4,4.17,0.79,23.95,1.66,0.6,8.32,1.36,16657.43,18291.93,270.66,0.06,13.12,23.56,15.87,5.52,270.69,6392.29,80.79,39.3,76.15,99.58,431.59,381.98,610.97,551.1,3678.51,2151.58,766.24,5.64,1.0
Cagliari,Italy,39.22,9.11,14.61,58.41,7.79,3.89,3.89,1.45,2.15,0.9,1.06,2.09,2.31,2.77,14.0,8.58,13.51,2.24,1.47,1.89,2.64,1.12,1.32,1.46,0.37,5.11,1.38,1.74,5.36,1.27,33.58,4.87,1.95,25.31,1.99,22050.38,25798.46,205.33,0.15,25.79,51.46,16.94,7.79,454.31,6327.92,87.62,32.85,83.97,99.1,608.45,408.88,963.79,717.98,3066.61,1995.73,1383.8,1.98,1.0
Cartagena,Spain,37.62,-0.99,9.74,38.94,6.82,1.95,2.43,1.4,1.56,0.97,0.64,0.79,0.49,1.49,7.1,4.8,7.55,1.95,1.53,1.16,0.92,0.76,0.92,0.67,0.35,3.89,0.92,1.27,5.36,1.16,19.47,5.84,1.95,29.2,1.51,19470.53,23283.51,98.33,0.3,34.24,25.46,17.04,6.82,164.28,3374.89,36.02,24.33,46.24,68.14,438.09,340.73,769.09,608.45,1486.25,1143.89,1713.41,2.73,1.0
Cascais,Portugal,38.7,-9.42,9.74,48.68,6.82,1.95,2.92,1.83,1.6,1.35,0.69,1.17,1.1,1.87,7.65,4.41,8.73,1.66,1.14,1.39,1.27,0.79,0.99,0.91,0.57,5.83,1.22,1.69,4.96,1.7,38.94,3.16,0.78,14.61,1.98,26285.22,28232.27,123.93,0.06,34.83,37.42,11.96,6.82,451.07,11221.52,56.86,28.23,70.79,76.73,1029.16,700.11,2125.54,1278.22,5232.71,3280.78,1051.4,1.64,1.0
Catania,Italy,37.5,15.09,11.68,48.68,7.79,4.14,2.92,1.75,1.56,0.94,1.2,1.23,2.12,2.28,10.71,6.41,10.03,1.69,1.14,1.15,2.14,1.17,1.24,1.08,0.34,5.84,1.25,1.82,5.6,0.97,29.2,5.36,0.97,17.53,2.04,22691.32,15852.95,163.87,0.24,27.01,38.94,15.34,7.79,275.83,3963.24,69.23,24.33,64.38,97.21,467.29,324.51,803.16,535.44,1849.7,1304.53,1022.2,2.14,1.0
Chania,Greece,35.51,24.02,12.17,48.68,6.82,3.65,4.87,3.1,1.85,0.7,1.53,1.03,1.63,4.15,9.57,5.03,8.47,1.73,1.67,1.2,1.52,0.86,0.68,0.59,0.83,5.84,1.76,3.04,4.38,2.14,48.68,3.65,1.22,12.48,2.2,20444.06,18204.95,131.65,0.07,36.14,44.42,24.33,6.82,326.13,8080.28,66.76,27.82,79.71,91.68,444.17,377.25,766.65,600.34,1687.44,1427.84,760.57,4.58,1.0
Cluj-Napoca,Romania,46.77,23.59,6.73,35.6,4.94,1.98,2.77,2.0,1.5,1.27,1.38,1.04,1.4,2.49,7.23,5.27,9.01,0.97,1.25,1.31,1.93,0.63,0.66,0.72,0.61,5.93,0.81,1.36,4.55,0.59,18.29,0.59,0.59,5.93,1.59,18196.2,21613.49,136.36,0.08,7.76,33.69,16.46,5.93,393.22,8808.03,64.22,34.88,71.71,77.26,427.44,294.77,793.79,512.01,2852.31,2090.66,807.03,5.33,1.0
Coimbra,Portugal,40.21,-8.43,7.79,34.07,6.57,1.46,1.85,1.23,1.28,0.94,0.67,1.11,1.1,1.67,6.57,5.19,9.74,1.5,1.06,1.3,1.41,0.86,1.01,0.79,0.75,3.89,1.1,2.43,4.96,1.56,29.2,3.34,0.91,14.61,1.97,27489.92,30588.67,92.5,0.12,33.78,34.77,10.14,6.82,319.32,4835.18,67.82,22.98,73.5,61.34,514.58,369.94,705.81,620.62,2165.85,1423.54,827.49,2.11,1.0
Cologne,Germany,50.94,6.96,12.66,51.11,8.76,3.41,2.83,2.63,2.18,1.75,1.02,1.79,2.02,2.52,11.33,9.51,12.98,2.56,1.54,2.12,1.3,1.76,1.13,1.49,0.6,4.87,0.52,2.0,7.79,2.92,93.46,3.65,2.0,29.2,2.03,22580.95,26772.71,258.43,0.12,32.7,32.07,26.86,11.68,533.17,11292.9,79.7,28.23,74.47,107.98,851.03,647.11,1581.98,1168.88,5561.27,4307.85,2291.45,2.47,1.0
Como,Italy,45.94,9.15,17.53,73.01,7.94,4.87,4.63,1.6,2.56,1.35,1.39,1.69,2.43,3.29,18.82,12.01,19.72,1.95,1.89,1.78,1.95,1.73,1.78,1.65,0.69,6.82,1.7,2.68,5.84,1.46,31.39,6.33,2.24,38.94,2.05,26163.53,27096.49,180.66,0.3,25.96,41.65,14.61,9.68,551.66,11682.32,100.6,25.96,111.95,129.8,811.27,511.1,1606.32,1087.1,4705.38,2466.27,1557.64,2.4,1.0
Copenhagen,Denmark,55.69,12.57,18.34,104.77,11.13,6.55,6.51,5.53,3.0,2.47,1.7,2.65,2.35,4.02,10.82,9.65,13.86,2.57,2.33,2.4,3.68,1.63,1.32,1.67,1.06,9.82,1.62,2.09,7.86,3.14,68.1,5.89,2.1,78.58,2.03,36668.89,35388.13,187.84,0.1,34.45,37.58,21.03,15.72,458.36,7621.9,98.01,46.77,106.95,145.61,1630.8,1210.19,2466.42,1861.51,7214.04,5035.74,3390.84,1.56,1.0
Cork,Ireland,51.9,-8.47,14.61,73.01,8.76,5.06,4.87,3.36,1.75,1.41,1.11,1.61,1.27,2.92,6.02,7.2,8.96,2.24,1.55,1.92,2.46,1.35,0.87,0.86,1.31,9.74,2.43,3.3,14.61,2.34,78.85,4.38,1.34,25.31,1.83,29205.8,28284.6,163.53,0.33,48.6,43.09,22.72,10.71,942.23,6814.69,71.24,32.85,78.26,82.75,1362.93,1093.6,2297.06,1712.94,3579.83,2525.34,2662.07,2.84,1.0
Craiova,Romania,44.32,23.8,4.94,32.63,4.94,1.49,1.68,1.46,1.15,0.83,0.99,0.55,1.07,2.18,5.27,4.72,8.67,0.79,1.08,0.91,1.03,0.55,0.64,0.49,0.53,3.95,0.78,1.36,4.31,0.5,19.78,0.5,0.59,4.75,1.58,15565.72,21162.98,180.06,0.05,8.19,28.36,7.91,5.93,306.57,5933.55,36.1,20.57,78.79,71.86,248.68,194.57,439.05,317.91,1442.65,927.55,594.38,6.04,1.0
Debrecen,Hungary,47.53,21.63,5.23,35.63,4.75,0.95,1.42,1.24,0.83,0.79,0.7,0.71,0.94,1.64,6.73,3.74,7.83,1.05,1.17,1.35,2.0,0.82,0.79,0.89,0.33,3.57,0.75,0.96,4.28,0.95,17.58,1.42,0.83,9.98,1.14,16627.52,18804.94,101.3,0.07,10.48,25.94,7.45,4.75,292.96,7521.98,63.09,33.26,65.17,64.48,332.55,237.54,520.42,393.26,2098.24,1571.69,662.24,5.74,1.0
Delft,Netherlands,52.0,4.36,10.71,48.68,9.74,4.87,4.14,3.06,2.11,1.51,1.01,1.83,1.9,1.77,10.87,7.77,25.26,2.54,1.25,1.37,2.38,0.94,0.87,0.73,0.58,5.83,1.15,1.71,7.79,2.43,50.62,2.92,2.49,39.7,2.02,28465.92,25301.96,215.19,0.15,39.08,28.23,15.25,11.68,1477.82,5646.45,72.04,29.2,76.91,111.95,1074.53,613.32,1455.42,1289.92,4218.62,3180.18,2813.53,3.02,1.0
Dresden,Germany,51.05,13.74,9.74,43.81,8.28,3.41,3.41,2.9,2.74,2.09,0.95,0.96,2.13,2.22,10.19,6.71,9.73,1.91,1.6,2.25,1.3,1.31,1.03,1.12,0.83,5.36,0.64,1.16,7.79,2.43,61.92,3.8,2.19,24.82,2.12,21417.58,23868.93,230.38,0.08,30.4,33.38,20.93,9.74,223.64,9589.24,84.0,38.94,83.44,112.51,533.68,429.97,1054.66,803.7,4059.61,3066.61,2383.2,2.42,1.0
Dublin,Ireland,53.35,-6.26,19.47,77.88,9.25,5.84,5.84,3.5,2.17,1.64,1.17,1.73,1.39,3.02,8.55,8.9,10.37,2.46,1.74,2.31,2.91,1.57,1.03,0.94,1.33,11.68,2.56,3.34,14.61,1.95,116.82,3.89,1.46,25.31,1.98,29205.8,29083.83,216.51,0.34,54.64,44.74,17.8,12.63,1182.83,8551.21,80.33,34.8,84.61,93.96,1865.03,1629.54,3373.88,2699.98,7156.9,4370.26,2935.33,3.15,1.0
Dubrovnik,Croatia,42.65,18.09,9.03,63.88,6.45,3.61,2.58,1.88,2.4,1.67,0.88,1.05,1.77,2.39,8.14,6.8,9.27,1.29,1.37,1.35,1.78,0.67,0.62,0.92,1.03,4.52,1.16,1.55,4.39,1.74,45.14,3.22,0.65,6.45,1.43,21667.17,22956.89,216.83,0.17,22.52,42.99,19.13,5.16,78.99,8060.71,78.46,32.24,61.26,81.68,468.91,356.41,648.89,462.68,3701.85,2682.39,828.18,3.56,1.0
Dusseldorf,Germany,51.23,6.78,10.71,55.01,8.76,4.38,3.89,3.11,2.68,2.37,1.02,2.15,2.12,2.51,14.48,8.56,15.25,2.26,1.6,1.94,1.36,2.03,1.16,1.6,0.57,5.84,0.54,1.31,7.3,2.92,77.88,4.53,2.14,33.88,2.09,24338.17,21855.67,200.87,0.11,29.59,31.25,19.63,11.68,307.63,19451.06,100.83,36.16,78.32,101.52,946.48,719.19,1743.26,1301.53,6464.22,5293.55,2998.36,1.74,1.0
Eindhoven,Netherlands,51.44,5.48,15.58,58.41,9.74,4.87,4.38,2.87,2.56,2.17,0.97,1.85,1.69,2.12,10.46,7.77,23.89,2.56,1.25,1.34,2.39,0.93,0.87,0.76,0.95,5.83,1.16,2.22,7.98,4.38,97.35,3.41,2.38,35.04,2.06,27258.75,29027.32,200.82,0.14,39.13,30.5,20.5,11.68,1685.83,5855.76,65.39,30.91,79.58,81.11,1130.13,918.6,1663.6,1407.86,4313.47,3346.5,3294.72,1.98,1.0
Enschede,Netherlands,52.22,6.87,14.61,58.41,9.01,5.84,3.65,2.97,2.28,2.1,1.03,1.81,2.45,1.73,10.87,7.92,25.34,2.62,1.26,1.36,2.45,0.97,0.87,0.73,0.64,5.83,1.15,1.67,7.79,2.43,55.01,2.92,1.88,21.91,2.06,24003.27,27755.57,189.79,0.07,42.83,19.47,8.92,10.22,973.53,7642.18,77.74,34.88,101.61,114.87,956.49,773.41,1334.54,1080.01,2777.8,2540.91,2933.56,1.76,1.0
Erlangen,Germany,49.59,10.98,13.15,41.37,7.79,3.41,3.41,2.77,2.51,2.28,0.94,2.26,1.95,2.47,12.7,7.08,24.01,2.12,1.55,1.92,0.77,1.07,1.08,1.26,0.6,5.84,0.53,1.46,6.82,2.38,55.68,3.36,1.76,38.94,2.11,24338.17,29205.8,228.68,0.15,29.08,24.99,16.22,11.68,421.05,14116.14,79.44,39.91,83.53,97.35,648.36,519.22,1425.52,931.8,5516.65,3731.86,3334.91,1.52,1.0
Espoo,Finland,60.2,24.66,14.61,97.35,8.76,7.79,7.79,4.23,2.48,1.75,1.1,3.63,2.37,3.19,7.71,11.53,16.22,2.93,1.82,3.22,3.47,1.18,1.38,1.86,1.94,14.61,3.16,3.78,9.74,2.73,60.36,6.72,1.46,43.23,2.24,25798.46,27528.55,102.3,0.06,14.94,49.16,26.28,14.61,555.97,19470.53,86.49,42.47,89.16,145.54,1073.74,806.76,1667.17,1289.92,6388.77,4110.45,2794.67,1.1,1.0
Florence,Italy,43.77,11.26,14.61,58.41,9.01,4.87,3.89,1.4,2.57,1.24,1.3,1.72,2.25,3.38,15.33,9.34,18.14,2.53,1.89,2.24,2.28,1.48,1.34,1.27,0.57,5.75,1.4,1.86,5.84,1.46,34.07,3.89,1.22,29.2,1.96,26285.22,25177.84,209.79,0.12,28.68,52.94,18.5,8.28,521.81,10733.13,70.45,36.23,82.02,106.4,789.63,602.37,1606.32,1076.97,5198.63,3269.43,1377.54,1.58,1.0
Frankfurt,Germany,50.11,8.68,13.63,58.41,8.36,3.89,3.41,3.11,2.66,2.49,1.03,1.66,2.09,2.65,11.52,9.56,15.02,2.56,1.6,2.0,1.57,1.71,0.91,1.29,0.49,5.84,0.84,1.18,7.01,2.68,90.63,3.41,1.76,32.12,2.08,24338.17,22955.76,315.74,0.09,35.71,43.54,20.08,11.93,707.39,11292.9,79.82,34.51,89.27,123.51,1080.07,838.26,2033.88,1483.19,9556.79,6830.91,3109.42,2.66,1.0
Freiburg im Breisgau,Germany,48.0,7.85,11.2,57.44,8.76,3.89,3.41,3.1,2.48,2.24,0.95,2.04,1.94,2.37,13.34,7.2,13.88,2.78,1.56,2.29,0.77,1.94,1.27,0.99,0.69,5.84,0.58,2.11,7.3,2.43,62.31,3.89,2.73,39.14,2.09,16063.19,31639.62,249.44,0.06,30.59,33.83,19.47,12.17,276.24,4867.64,74.64,31.64,85.84,155.76,835.61,654.09,1801.03,1418.57,7301.45,5354.4,2513.32,1.68,1.0
Funchal,Portugal,32.65,-16.91,7.79,34.07,6.82,2.68,1.95,1.27,1.29,1.03,0.61,1.18,0.87,2.25,6.49,4.49,7.27,1.33,1.13,1.08,1.23,0.85,1.15,1.04,0.7,4.48,1.09,2.1,4.77,1.89,34.07,2.92,0.79,19.47,1.98,29692.56,28070.02,75.35,0.28,31.15,41.86,18.5,6.76,209.31,5841.16,61.66,29.08,62.67,74.23,786.94,600.34,1208.8,973.53,2011.95,1362.93,1007.6,2.06,1.0
Galway,Ireland,53.27,-9.05,12.42,75.45,8.76,5.36,4.87,3.51,1.45,1.27,1.29,1.5,1.22,2.95,8.3,8.21,10.89,2.33,1.58,2.31,3.63,1.61,1.42,1.11,1.15,9.74,2.59,2.85,14.61,2.34,58.41,4.04,1.11,23.36,1.82,26698.97,27313.51,169.98,0.55,46.73,42.45,9.74,11.68,827.49,10611.44,66.76,27.12,73.01,72.32,1296.01,1031.05,2093.08,1604.67,3709.63,3115.28,2248.4,3.25,1.0
Gdynia,Poland,54.52,18.6,5.83,41.64,5.39,2.49,2.49,2.37,1.3,1.25,0.65,0.69,0.76,2.43,7.04,4.14,7.8,0.73,1.12,1.38,1.88,0.52,0.56,0.87,0.39,6.25,0.7,1.17,3.8,0.9,20.82,1.66,0.52,8.32,1.35,16657.43,18916.59,184.71,0.06,11.02,25.22,18.04,5.2,208.21,7773.47,74.92,27.37,69.84,84.77,520.55,451.14,895.33,676.71,3366.19,1995.42,882.33,6.12,1.0
Genoa,Italy,44.41,8.93,14.61,58.41,7.79,4.87,4.87,1.58,2.43,0.92,1.45,2.3,2.32,3.06,14.61,8.64,18.22,1.95,1.96,2.45,2.36,1.35,1.31,0.93,0.63,6.82,1.73,2.5,5.64,1.46,44.78,4.87,0.92,24.33,2.02,24338.17,27583.25,140.07,0.17,28.7,50.19,18.34,8.52,601.64,11560.62,74.59,35.04,85.18,113.05,627.93,453.67,973.53,778.82,3131.51,1168.23,1305.75,2.02,1.0
Gothenburg,Sweden,57.71,11.97,10.74,53.68,8.06,5.81,6.26,3.47,1.7,1.59,1.21,2.2,2.39,2.97,8.18,8.51,14.23,2.5,1.98,2.24,2.95,1.18,1.19,2.06,1.33,8.06,1.67,1.81,6.09,3.13,72.92,5.51,1.43,48.31,1.81,22814.55,22878.46,108.21,0.1,27.95,30.81,21.09,13.42,108.66,2897.63,80.77,31.62,81.0,112.1,969.35,704.85,1422.08,995.66,5515.26,3543.87,2570.25,2.51,1.0
Granada,Spain,37.17,-3.6,9.74,48.68,7.79,2.43,2.43,1.58,2.07,1.71,0.77,1.11,0.97,1.97,11.61,6.11,11.68,1.88,1.45,1.25,1.64,0.93,1.02,0.89,0.58,4.87,1.06,1.88,5.48,1.37,38.94,4.87,1.46,19.96,1.57,20444.06,19470.53,105.1,0.17,36.91,41.98,11.03,7.74,299.36,6960.72,71.19,29.2,59.22,87.01,547.61,438.09,924.85,742.31,3285.65,2360.8,1721.92,1.96,1.0
Graz,Austria,47.07,15.44,10.71,55.98,7.79,3.89,3.89,3.22,2.68,1.88,1.26,2.0,2.25,3.14,14.58,11.68,17.67,2.23,1.82,2.37,2.93,1.76,1.72,1.64,0.83,6.82,1.04,1.64,5.5,2.63,52.67,4.87,1.65,29.2,1.75,22838.93,19452.14,230.86,0.05,32.68,29.72,22.5,14.36,343.5,8513.98,88.1,41.03,91.94,127.67,592.81,507.21,1173.1,962.71,4706.13,3522.39,2147.53,1.68,1.0
Grenoble,France,45.19,5.74,13.15,48.68,8.76,5.11,4.87,2.73,2.49,1.52,1.07,1.81,2.09,2.75,19.05,9.94,18.36,2.43,1.91,2.18,2.69,1.44,1.89,1.11,0.99,6.82,2.04,2.36,9.74,1.65,58.41,2.43,1.81,26.28,1.94,28232.27,31639.62,155.37,0.1,31.37,36.38,10.06,9.74,924.85,4867.64,83.44,32.24,73.01,111.95,578.7,467.29,1046.54,859.95,3188.3,2555.51,1898.37,1.01,1.0
Groningen,Netherlands,53.22,6.57,14.61,77.88,9.25,4.38,3.41,3.02,2.54,2.12,0.98,1.67,1.8,2.07,10.87,7.89,25.78,2.45,1.28,1.4,2.45,0.97,0.87,0.79,0.6,5.83,1.09,1.09,7.98,2.43,87.62,3.21,2.36,41.37,2.05,34073.43,29587.09,251.15,0.13,40.7,26.93,16.38,11.68,1493.14,7808.66,74.82,29.78,87.13,96.82,815.76,619.71,1159.3,903.3,3224.2,3007.46,2122.28,1.86,1.0
Gzira,Malta,35.91,14.5,17.53,75.45,8.76,2.92,2.92,2.48,1.95,1.6,1.18,1.56,2.43,2.81,9.47,8.48,14.93,3.09,1.95,2.99,3.16,2.64,2.97,1.95,0.98,9.74,1.79,2.78,5.84,1.95,31.64,4.87,2.43,21.42,1.3,22877.87,25311.7,113.8,0.35,35.23,72.88,23.17,11.68,294.09,7058.07,78.58,37.97,87.62,130.62,888.95,757.19,1530.6,1259.5,4259.18,3115.28,1277.75,4.19,1.0
Haarlem,Netherlands,52.39,4.64,17.04,65.72,11.44,5.11,4.38,3.37,2.99,2.73,1.01,1.95,1.76,1.9,10.98,7.8,26.03,2.63,1.25,1.36,2.49,1.0,0.87,0.76,0.58,5.83,1.15,1.67,7.89,3.89,106.12,4.87,2.92,21.03,2.05,24817.14,23033.64,257.1,0.19,47.27,35.7,14.61,11.68,2085.78,3488.47,98.0,41.86,104.41,176.45,1465.16,1173.97,2365.18,1648.67,6181.89,4958.9,2601.25,2.37,1.0
Hamburg,Germany,53.55,10.0,13.63,58.41,8.76,4.38,3.89,3.32,2.59,2.12,1.09,2.2,2.1,3.46,11.19,8.31,13.1,2.74,1.7,2.12,1.9,1.35,0.91,1.13,0.66,6.82,0.67,1.32,7.3,3.18,89.56,3.99,1.91,33.0,2.07,25759.52,33811.97,265.28,0.11,34.88,51.15,29.08,14.61,564.64,22808.34,85.21,40.99,100.35,140.24,1026.63,780.36,1941.65,1487.67,8553.12,5486.52,2923.16,1.83,1.0
Heidelberg,Germany,49.41,8.69,14.61,55.98,9.74,3.89,3.22,2.95,2.38,2.04,1.03,2.09,2.15,2.62,9.44,7.05,13.35,2.71,1.64,2.01,1.2,1.4,0.89,1.61,0.55,5.36,0.54,2.07,7.01,2.7,77.88,2.92,2.63,29.2,2.05,23851.4,25555.07,266.01,0.08,36.33,42.08,20.93,13.63,418.62,18497.01,85.67,27.99,91.79,111.95,949.19,679.7,1718.27,1289.92,6814.69,4770.28,2877.31,1.1,1.0
Helsinki,Finland,60.17,24.94,12.66,77.88,8.98,6.82,7.79,3.98,2.5,1.64,0.97,2.17,2.14,2.32,7.08,10.14,16.94,2.25,1.64,2.12,3.42,1.08,1.38,1.81,1.58,11.68,2.49,2.92,9.29,2.73,63.28,6.72,1.27,51.99,2.17,29205.8,30318.4,100.54,0.07,21.11,35.94,35.13,14.61,369.33,5062.34,88.66,37.91,74.96,124.85,965.18,777.98,1954.74,1350.13,8080.28,4447.8,2655.81,1.14,1.0
Ingolstadt,Germany,48.76,11.43,10.71,58.41,9.74,4.14,4.87,3.23,2.27,2.12,0.92,2.61,1.9,2.7,14.41,8.62,15.58,2.43,1.55,1.82,0.77,2.53,0.91,0.88,0.8,4.87,0.64,1.09,7.79,2.63,56.95,3.11,2.16,29.2,2.14,20134.97,24659.43,213.23,0.08,43.81,58.41,17.85,12.66,300.17,19470.53,81.13,42.18,69.12,74.64,746.37,681.14,1433.03,1167.99,6879.59,5743.81,2847.56,2.0,1.0
Innsbruck,Austria,47.27,11.39,14.61,60.85,8.76,3.89,4.19,3.11,3.03,2.42,1.26,1.64,2.0,2.7,10.94,9.93,15.09,2.42,1.94,2.16,2.63,1.68,1.53,1.15,0.5,6.09,1.02,1.03,5.55,2.63,48.68,6.23,1.85,29.2,1.72,22838.93,19268.52,237.88,0.13,35.03,34.89,29.45,12.66,603.34,6457.72,101.39,34.56,90.86,98.82,797.07,719.33,1411.61,1180.4,7718.67,5747.87,1815.69,1.73,1.0
Ioannina,Greece,39.66,20.85,9.74,29.2,6.82,3.7,3.89,3.09,1.59,0.47,1.24,0.93,2.34,3.78,8.1,6.79,9.93,1.87,1.37,0.88,1.45,0.84,0.78,0.72,0.93,8.28,1.55,2.53,4.48,1.16,34.07,3.6,1.95,11.68,1.98,17328.77,17403.92,224.36,0.48,27.62,35.9,24.33,7.79,356.96,7204.09,63.28,27.25,67.17,90.05,347.69,275.37,528.48,425.11,1763.71,1314.26,671.73,5.02,1.0
Karlsruhe,Germany,49.01,8.4,10.71,58.41,8.73,3.89,3.6,2.85,2.8,1.95,0.91,1.1,2.0,2.49,12.7,7.62,23.04,2.27,1.55,1.87,0.77,2.11,0.87,1.2,0.42,5.11,0.53,1.23,6.82,2.73,65.23,3.41,2.14,29.2,2.13,19470.53,23486.33,219.84,0.09,35.8,36.16,31.15,9.74,362.64,9053.8,86.96,39.75,84.91,125.48,644.96,602.37,1392.15,1119.56,4380.87,3731.86,2673.51,1.34,1.0
Katowice,Poland,50.26,19.02,6.25,31.24,5.2,2.08,2.08,2.19,1.08,0.95,0.66,0.89,0.97,2.0,6.04,4.24,8.07,0.77,1.06,1.28,3.14,0.53,0.78,0.79,0.49,5.2,0.67,0.87,3.54,0.75,32.17,1.88,0.52,8.32,1.35,19306.99,21545.33,210.76,0.08,13.25,20.57,11.73,5.0,204.75,4278.88,60.45,30.19,56.22,62.0,407.5,342.33,597.73,535.47,2342.45,1545.45,963.01,4.5,1.0
Kaunas,Lithuania,54.9,23.9,7.55,48.68,5.84,3.89,3.41,2.61,1.64,1.07,1.1,1.14,1.8,1.88,8.92,4.92,10.35,1.05,1.21,1.54,2.14,0.67,0.46,1.35,0.73,6.33,1.15,1.46,4.38,0.97,27.25,1.76,0.68,9.74,1.68,23559.34,19210.93,161.21,0.22,12.17,29.78,18.28,7.79,528.48,6413.11,67.06,27.7,73.01,71.31,464.3,315.32,811.92,532.79,2690.47,1610.74,1058.86,2.3,1.0
Kavala,Greece,40.94,24.41,14.61,48.68,7.79,3.89,3.41,3.13,1.89,0.55,1.27,1.2,1.54,4.04,10.88,8.12,8.19,2.18,2.39,1.64,2.02,0.95,0.83,0.92,0.85,6.09,1.7,1.46,4.82,1.07,53.55,3.6,0.97,19.47,2.09,19470.53,19949.99,197.95,0.55,31.08,34.07,27.59,7.79,243.39,6327.92,67.17,42.67,66.53,78.7,351.86,276.76,486.76,414.73,2312.12,1817.25,657.13,4.71,1.0
Kiel,Germany,54.32,10.14,10.51,48.68,7.78,3.8,2.92,3.14,2.02,2.76,0.93,1.77,1.98,2.23,10.38,6.14,12.32,1.94,1.57,2.26,1.16,1.09,0.91,1.01,0.44,4.87,0.54,1.14,7.79,2.53,59.39,3.36,1.89,23.36,2.12,23851.4,27258.75,207.69,0.09,30.17,27.58,19.47,11.68,281.35,10708.8,73.01,35.7,92.24,123.31,746.37,451.72,1472.46,991.05,3407.34,2433.81,2287.79,2.06,1.0
Kranj,Slovenia,46.24,14.35,7.3,35.04,4.87,2.38,2.43,1.42,1.8,1.34,0.95,1.07,1.52,2.14,12.9,8.64,11.03,1.37,1.16,1.76,1.78,1.03,0.88,0.92,0.49,4.87,1.06,1.58,4.19,1.07,29.2,1.07,1.56,19.47,1.36,18983.77,20176.34,234.5,0.08,36.51,35.9,16.22,6.57,311.53,5841.16,58.41,34.07,69.77,107.09,379.67,299.36,827.49,681.47,2563.29,2271.24,1066.66,3.34,1.0
Lagos,Portugal,37.1,-8.67,7.79,58.41,6.82,2.43,2.43,1.66,1.65,1.33,1.12,1.15,1.43,2.11,6.78,4.94,9.49,2.0,1.44,1.7,1.41,1.07,1.24,1.09,1.34,2.92,0.9,3.08,5.26,1.56,38.94,2.92,0.91,19.47,2.23,24338.17,24338.17,94.11,0.12,38.94,52.18,12.66,5.85,356.96,7398.8,62.8,25.55,62.07,56.47,815.33,662.0,1525.19,1126.34,3249.57,3187.99,853.0,3.08,1.0
Larnaca,Cyprus,34.92,33.62,14.61,48.68,7.3,3.89,4.38,3.7,2.07,0.87,1.8,1.82,2.24,2.88,10.95,7.56,11.75,2.24,1.82,1.75,2.42,1.19,1.03,0.68,1.03,6.82,1.43,2.49,5.36,1.95,38.94,5.11,1.46,29.2,1.49,23851.4,30795.89,189.42,0.09,34.06,55.4,38.94,11.68,347.69,5104.93,87.62,36.23,81.77,92.49,781.82,570.64,1439.43,1037.18,1922.72,1272.54,1199.21,2.5,1.0
Leiden,Netherlands,52.16,4.49,14.61,58.41,9.74,4.87,3.89,2.92,2.27,2.06,0.99,1.86,1.48,2.01,10.86,7.89,25.4,2.6,1.26,1.35,2.49,1.03,0.87,0.79,0.61,5.83,1.16,1.73,7.79,2.92,48.68,4.87,1.95,29.2,2.08,25550.2,25994.32,182.57,0.12,50.62,38.94,24.33,11.2,1752.35,12169.09,82.02,30.66,95.41,146.03,1204.8,1034.37,2068.75,1959.22,5101.27,3650.72,3001.71,1.95,1.0
Leipzig,Germany,51.34,12.37,8.76,48.68,7.79,3.89,3.41,3.05,2.6,2.3,0.99,1.43,1.69,2.2,11.15,7.69,12.33,2.22,1.57,1.86,1.29,1.28,0.9,1.14,0.44,4.87,0.56,1.37,7.3,2.92,78.85,3.41,2.43,23.36,2.12,23364.64,21093.08,220.72,0.13,36.37,27.15,29.2,9.74,191.3,5841.16,60.5,41.37,73.24,79.27,537.27,375.35,1316.2,909.03,5841.16,2498.72,2061.45,1.73,1.0
Leiria,Portugal,39.74,-8.81,8.76,29.2,6.82,1.85,1.95,1.47,1.3,0.97,0.66,0.95,0.87,1.72,6.3,4.21,8.35,1.34,1.03,1.01,1.55,0.79,0.93,0.91,0.44,2.92,0.8,1.12,4.67,1.46,12.2,3.16,0.46,14.41,1.98,25798.46,28767.71,165.5,0.18,30.51,29.2,21.42,7.21,323.43,3894.11,48.68,27.74,59.63,56.79,730.15,554.91,973.53,642.53,2342.3,1736.12,1375.11,2.0,1.0
Leuven,Belgium,50.88,4.7,14.61,73.01,8.59,4.23,3.89,3.04,2.53,2.18,0.89,1.59,2.02,2.25,11.63,8.24,16.96,2.08,1.64,1.89,2.39,1.76,0.99,0.91,0.62,6.82,1.43,2.29,7.06,2.43,35.7,4.87,2.43,43.81,1.8,24338.17,26463.7,187.76,0.26,40.68,27.33,16.22,11.68,517.59,10937.57,77.19,34.49,73.01,119.6,789.65,674.17,1266.67,1078.67,5389.76,3823.36,2342.49,1.94,1.0
Liege,Belgium,50.47,5.77,14.61,53.55,9.74,3.65,2.92,2.68,2.19,1.74,0.98,1.64,1.56,2.48,18.11,9.74,15.58,2.72,1.54,2.01,2.61,1.87,1.04,1.28,0.9,6.33,1.26,1.79,7.3,2.43,36.75,2.34,2.26,31.15,1.76,27258.75,24785.98,226.67,0.25,45.62,32.37,20.12,10.95,468.51,9735.26,94.92,41.37,91.68,114.87,584.12,511.1,846.97,681.47,2185.57,2068.75,1998.0,1.68,1.0
Lille,France,50.64,3.06,13.63,48.68,8.76,5.84,4.87,2.83,2.11,1.56,0.97,1.56,1.68,2.53,12.42,10.13,12.66,2.04,1.73,2.31,2.37,1.49,1.5,1.19,0.33,6.32,1.48,2.29,9.74,1.7,58.41,2.04,1.85,33.88,1.93,24338.17,24338.17,141.86,0.17,29.57,32.29,19.47,11.68,497.58,6441.5,88.59,33.22,65.72,86.81,730.15,599.42,1309.4,973.53,4380.87,2920.58,2474.34,1.37,1.0
Limassol,Cyprus,34.69,33.03,14.61,58.41,6.82,2.92,3.89,2.99,1.27,0.71,1.46,1.57,2.2,2.88,10.65,7.2,10.53,2.41,1.56,1.51,2.69,1.15,0.94,0.65,0.78,6.82,1.52,2.16,4.87,1.46,38.94,4.87,1.95,19.47,1.63,21417.58,20054.65,193.11,0.08,34.98,64.63,24.33,8.76,393.47,6219.22,81.02,38.72,81.13,110.08,1280.79,930.41,2320.71,1792.68,2866.49,2006.55,1453.43,2.6,1.0
Linz,Austria,48.31,14.29,14.12,58.41,7.79,3.89,4.09,3.06,2.86,2.27,1.27,1.88,1.87,3.23,11.56,10.82,16.68,2.73,1.67,2.63,2.29,1.37,1.52,1.53,0.51,7.79,1.27,1.4,5.36,2.53,48.68,5.3,1.25,24.44,1.74,22838.93,19072.14,196.25,0.07,36.99,43.7,19.47,11.68,334.65,9573.01,89.96,34.31,91.62,111.23,654.86,563.43,1325.07,967.44,4030.4,3078.78,2052.75,2.09,1.0
Lisbon,Portugal,38.71,-9.14,11.68,48.68,6.82,2.43,2.92,1.82,1.6,1.11,0.81,1.23,1.18,2.47,8.3,6.41,10.06,1.8,1.2,1.4,1.88,1.13,1.15,1.15,0.75,3.89,1.18,1.91,5.16,1.8,38.94,3.41,0.49,14.5,1.96,27258.75,28814.89,120.81,0.18,32.87,36.85,11.03,7.3,403.29,9409.95,74.23,29.69,66.93,89.06,1147.76,751.48,1985.63,1227.89,5318.82,2962.23,1039.64,2.24,1.0
Ljubljana,Slovenia,46.05,14.51,9.74,40.89,6.03,2.92,3.16,1.78,2.18,1.69,1.05,1.52,1.77,2.52,10.67,8.07,10.44,1.87,1.31,1.88,2.74,0.88,1.18,1.4,0.7,5.84,1.14,1.84,4.38,1.27,36.02,1.89,1.02,16.53,1.51,20424.58,22509.89,234.25,0.1,32.08,41.36,17.94,7.79,451.3,10106.42,70.67,33.95,86.81,103.93,650.01,526.96,1209.28,912.05,4281.35,3177.45,1286.19,1.94,1.0
Lublin,Poland,51.25,22.57,5.83,24.98,5.2,1.66,2.08,1.8,1.03,0.83,0.61,0.65,0.99,2.06,5.2,4.52,6.71,0.83,1.2,1.36,1.76,0.56,0.78,0.7,0.43,4.17,0.71,1.01,3.54,0.83,24.78,1.46,0.42,7.24,1.34,16365.92,19780.69,152.69,0.06,12.05,20.82,14.58,5.2,152.69,4060.25,49.97,27.07,59.34,80.68,417.68,402.07,552.86,540.53,2616.68,1862.61,798.25,7.09,1.0
Luxembourg,Luxembourg,49.61,6.13,19.47,82.75,9.74,4.87,5.36,3.54,2.9,3.1,1.21,3.04,2.16,3.42,18.93,11.22,17.04,2.53,1.36,2.29,4.12,1.46,2.48,1.41,0.58,8.76,1.55,1.93,5.26,0.0,0.0,4.63,2.92,34.07,1.6,24338.17,25020.94,278.92,0.25,52.19,45.88,22.15,11.68,1005.98,15483.83,86.64,39.5,114.38,137.51,1632.41,1418.91,2984.47,2304.01,12236.86,9061.03,3946.89,1.88,1.0
Lyon,France,45.76,4.83,14.61,58.41,9.74,6.33,5.36,2.73,2.57,1.41,0.89,1.46,1.64,3.29,17.36,14.03,17.72,2.75,2.17,3.09,3.72,1.87,1.54,0.96,0.91,5.84,2.3,2.11,10.22,1.85,64.45,4.87,1.51,28.62,1.94,29539.23,19726.89,170.44,0.12,35.93,33.51,17.04,12.12,389.41,10465.41,78.37,32.25,85.99,113.17,773.35,562.27,1515.92,1027.07,5267.86,3833.26,2507.63,1.45,1.0
Maastricht,Netherlands,50.85,5.69,14.12,58.41,9.74,4.14,3.89,3.05,2.55,2.2,0.99,1.88,1.91,1.84,10.87,7.77,26.76,2.67,1.25,1.35,2.49,0.93,0.87,0.73,0.58,5.83,1.15,1.64,7.79,3.31,48.68,7.3,2.04,38.94,2.09,24773.82,21417.58,302.98,0.14,41.37,30.42,9.74,9.74,1771.82,8274.97,69.77,36.51,98.97,103.03,1054.45,885.91,1622.54,1216.91,4429.55,2433.81,2839.45,1.39,1.0
Madrid,Spain,40.42,-3.7,11.68,48.68,7.79,3.41,3.41,2.06,2.17,1.54,0.83,1.01,1.13,2.26,9.86,6.88,11.01,2.0,1.77,1.65,1.77,1.12,1.27,0.98,0.67,4.87,0.95,1.47,4.87,1.46,53.1,3.41,1.07,21.42,1.86,24338.17,23470.84,153.44,0.17,35.2,40.25,11.26,8.76,475.2,8859.09,71.19,32.73,73.24,89.83,975.74,775.57,1675.37,1210.85,5185.37,3436.95,1930.47,2.12,1.0
Mainz,Germany,50.0,8.27,7.79,39.43,6.82,3.89,2.92,2.99,2.6,2.01,0.98,2.27,1.91,2.67,12.5,7.81,13.63,2.74,1.6,2.29,0.77,1.64,1.55,1.07,0.63,8.76,0.55,1.55,7.01,2.87,79.44,4.87,2.34,24.53,2.14,22804.86,21495.46,319.32,0.29,34.07,32.85,19.47,14.12,700.94,5354.4,100.6,48.68,90.05,146.03,778.82,669.3,1719.9,1752.35,5354.4,3894.11,2855.68,1.36,1.0
Mannheim,Germany,49.49,8.47,10.71,58.41,7.79,3.89,3.16,2.72,2.38,2.24,0.91,1.46,1.64,1.93,12.94,7.03,19.23,2.6,1.55,1.93,0.89,1.73,0.89,1.16,0.39,4.38,0.54,1.21,7.01,2.63,73.01,3.41,2.1,29.2,2.12,24824.93,23040.13,253.72,0.17,32.24,33.96,21.91,11.68,480.68,8883.43,75.45,30.83,93.22,114.39,846.97,466.32,1179.92,919.98,4380.87,4867.64,2790.78,1.97,1.0
Marbella,Spain,36.51,-4.89,10.71,87.62,7.79,2.92,3.89,3.29,2.38,1.39,0.96,0.82,2.0,1.81,9.57,5.73,6.71,2.25,1.83,1.23,2.22,1.7,1.19,0.8,0.62,3.65,0.6,1.19,5.11,1.22,35.4,3.29,1.7,19.27,1.52,22877.87,24824.93,115.3,0.24,29.2,48.31,25.55,8.32,369.94,12006.83,77.88,37.72,78.7,92.49,876.17,681.47,1525.19,1168.23,4543.13,2888.13,1637.96,2.16,1.0
Maribor,Slovenia,46.56,15.65,7.79,33.58,5.84,2.53,2.63,1.63,1.93,1.15,0.95,0.96,1.19,2.32,7.95,7.42,9.98,1.55,1.58,1.74,2.19,1.32,1.05,1.22,0.57,4.87,1.27,1.67,4.33,1.95,29.2,0.97,0.97,19.47,1.47,18497.01,16861.48,201.53,0.06,31.97,30.98,16.8,6.82,300.17,6133.21,69.54,33.26,70.39,80.04,377.25,344.38,748.4,581.68,1813.19,1545.47,1215.83,2.73,1.0
Marseille,France,43.3,5.37,12.17,58.41,8.76,4.87,4.38,2.56,1.95,1.25,1.03,1.76,1.88,3.71,7.79,9.16,25.55,2.68,1.65,2.39,2.23,1.68,1.83,1.41,0.53,6.82,2.11,2.27,9.74,1.85,48.68,3.65,1.67,58.41,1.97,19421.86,17513.75,140.16,0.06,29.34,25.55,16.22,11.68,535.44,8599.48,65.55,23.34,77.07,130.45,660.78,519.22,1298.03,949.19,4997.44,3309.99,2398.38,1.6,1.0
Milan,Italy,45.46,9.19,19.47,77.88,9.44,5.84,4.87,1.72,2.57,1.22,1.4,2.22,2.55,3.37,13.4,10.25,19.04,2.25,1.92,1.97,2.58,1.41,1.08,1.08,0.45,6.82,1.39,1.89,5.84,1.95,37.97,5.84,1.95,34.07,1.91,23851.4,26592.49,199.83,0.15,27.44,73.03,24.51,9.74,744.47,15391.78,88.76,32.58,94.98,147.92,1234.19,808.36,2556.1,1650.5,8651.32,4380.87,1753.18,1.55,1.0
Miskolc,Hungary,48.1,20.79,5.94,28.5,4.28,1.07,1.42,1.11,0.97,0.75,0.75,0.89,0.93,1.87,10.15,3.75,9.11,1.19,1.12,1.4,1.9,0.69,0.73,0.66,0.26,2.37,0.75,0.99,4.23,0.83,18.29,1.07,0.67,9.98,1.14,19002.89,16231.63,120.67,0.06,12.47,30.88,6.53,4.21,96.33,2814.8,47.51,23.75,40.38,61.76,279.66,205.87,452.9,368.18,1365.84,855.13,603.74,6.77,1.0
Montpellier,France,43.61,3.88,12.66,58.41,9.74,5.11,3.89,2.61,2.51,1.53,0.91,1.22,1.57,3.36,15.82,11.2,16.22,3.02,1.72,1.78,2.27,1.14,1.46,0.97,0.55,6.42,2.86,1.95,9.74,1.56,29.2,1.95,1.38,27.25,1.93,19835.61,23932.53,133.83,0.32,34.07,28.23,13.63,11.68,592.23,7651.92,68.14,39.75,78.85,84.7,687.88,562.48,2214.77,1557.64,5149.31,4024.88,2765.72,1.62,1.0
Monza,Italy,45.64,9.28,16.07,73.5,9.25,4.87,4.38,1.43,1.95,1.28,1.27,1.89,2.29,2.6,12.27,8.47,16.54,2.08,1.4,1.75,2.29,1.0,1.41,0.94,0.51,5.3,1.58,2.16,5.84,1.76,43.81,4.87,1.12,24.33,2.02,24338.17,26285.22,158.43,0.12,26.4,36.35,21.61,9.74,545.18,9897.52,77.88,34.07,86.4,135.08,691.2,438.09,1825.36,1041.68,3529.04,1947.05,1842.29,1.72,1.0
Munich,Germany,48.14,11.58,14.61,60.85,8.76,3.89,3.89,3.32,2.91,2.67,1.18,1.79,2.25,3.09,12.74,9.69,18.09,2.78,1.73,2.32,2.65,1.9,1.24,1.42,0.77,6.82,0.98,1.82,7.49,3.41,57.54,4.57,1.95,29.2,2.05,24143.46,21693.22,279.76,0.1,34.85,37.55,23.2,11.68,624.4,15727.86,84.82,34.95,87.15,111.91,1319.03,980.44,2401.18,1795.57,11975.43,8792.96,3203.46,1.87,1.0
Murcia,Spain,37.99,-1.13,11.68,48.68,7.79,1.95,2.43,1.7,1.5,0.79,0.85,0.99,0.91,1.79,8.3,5.71,8.65,1.15,1.47,1.03,1.68,1.07,1.82,0.86,0.5,5.84,0.81,1.25,5.02,1.37,24.33,2.92,1.93,21.85,1.55,23851.4,18983.77,119.36,0.2,30.41,32.73,9.08,6.91,356.96,4867.64,71.39,28.51,68.96,76.66,590.2,600.34,1411.61,1302.09,1966.53,1826.34,1240.03,2.17,1.0
Nantes,France,47.22,-1.55,12.66,58.41,9.74,5.36,4.38,2.49,2.78,1.6,1.01,1.27,1.92,2.55,16.05,9.44,18.8,2.83,1.78,2.66,2.63,2.26,1.76,1.0,0.39,6.33,1.83,2.19,9.93,1.65,53.55,2.68,0.79,32.12,1.96,23364.64,23875.74,162.2,0.1,31.29,27.04,18.26,11.68,590.6,9579.5,99.79,27.99,83.44,95.41,568.13,502.59,1306.14,989.75,5776.26,5476.09,2099.58,1.71,1.0
Naples,Italy,40.84,14.25,14.61,48.68,7.79,3.89,3.41,1.67,1.52,0.97,1.16,1.1,1.55,2.48,10.74,8.1,11.5,1.84,1.65,1.51,2.19,1.19,1.21,0.8,0.59,4.87,1.52,2.27,5.84,1.27,36.02,4.87,1.16,17.53,2.01,24338.17,24094.78,138.2,0.19,28.16,47.38,25.55,8.76,248.45,4964.99,62.47,32.78,79.1,97.35,616.57,373.19,1028.1,790.99,3812.98,2068.75,1301.28,1.54,1.0
Nice,France,43.7,7.27,18.5,70.58,10.54,7.79,5.84,3.61,3.32,2.65,1.31,1.36,2.27,3.55,20.45,11.57,19.47,2.51,1.88,2.25,3.03,1.69,2.32,1.15,0.76,6.82,2.28,1.96,10.27,1.46,41.02,5.36,2.02,25.12,1.93,25068.31,27583.25,179.21,0.37,31.15,30.3,18.34,13.63,1135.78,11682.32,65.59,35.7,83.44,82.75,852.14,682.77,1687.44,1245.6,6409.05,3602.05,2270.33,1.08,1.0
Nicosia,Cyprus,35.17,33.36,12.66,48.68,5.84,3.89,3.89,3.1,1.27,0.68,1.38,1.85,2.25,2.87,9.58,7.14,8.36,2.59,1.64,1.96,2.22,1.03,0.77,0.41,0.91,6.82,1.24,2.12,4.87,1.95,38.94,3.65,1.22,29.2,1.42,17523.48,23510.67,152.14,0.13,29.06,55.16,21.91,9.74,324.81,5924.6,76.26,37.48,80.23,95.41,587.04,484.47,1098.26,822.63,2044.4,1471.11,1339.29,2.43,1.0
Nijmegen,Netherlands,51.85,5.86,14.61,68.14,7.79,5.36,4.87,2.99,2.85,2.49,1.0,1.88,1.94,1.62,10.87,7.77,26.76,2.6,1.25,1.35,2.41,0.93,0.87,0.73,0.58,5.83,1.15,1.64,7.79,2.04,131.43,4.87,1.7,14.61,2.03,22877.87,20768.57,174.01,0.18,35.74,29.48,25.96,11.2,827.49,6976.94,96.14,36.99,88.83,158.19,1022.2,778.82,1667.17,1460.29,4437.66,3358.67,2758.32,2.77,1.0
Nuremberg,Germany,49.45,11.08,9.74,48.68,7.79,3.41,3.89,2.9,2.73,2.87,0.91,1.48,1.74,2.49,12.4,6.95,11.67,2.25,1.55,2.0,1.4,1.27,1.02,1.02,0.51,4.38,0.67,1.27,7.06,2.73,77.88,3.41,1.76,25.31,2.12,22358.99,24143.46,218.1,0.11,32.28,27.25,21.78,11.68,336.84,12473.31,79.4,42.59,78.09,114.26,659.56,455.93,1330.49,903.61,5564.94,4103.52,2764.26,1.82,1.0
Odense,Denmark,55.4,10.39,19.64,104.77,11.07,6.28,5.89,5.39,3.42,3.01,1.57,3.29,2.12,3.86,11.83,11.35,14.63,3.5,3.94,4.18,3.84,2.54,1.88,1.77,1.19,7.21,1.68,2.07,7.99,3.14,65.48,6.09,2.03,43.76,1.98,32740.09,35141.03,194.94,0.08,31.09,35.67,12.64,15.72,224.82,5000.5,80.2,29.96,87.31,87.74,817.85,615.51,1571.53,1219.38,2931.86,2160.85,2674.66,1.15,1.0
Oeiras,Portugal,38.69,-9.31,8.76,35.04,5.75,2.34,2.58,1.63,1.37,1.1,0.73,1.32,0.88,2.25,12.63,7.03,8.52,1.6,1.49,1.6,1.69,1.04,1.35,0.77,0.68,4.63,1.43,2.24,5.06,2.31,38.94,3.84,0.91,14.61,1.98,27258.75,33219.16,116.62,0.22,36.49,42.42,7.55,6.86,389.41,10270.7,80.8,36.99,72.19,77.39,815.33,717.98,1528.44,1046.54,3492.53,2543.34,997.87,2.15,1.0
Olomouc,Czech Republic,49.59,17.25,6.0,33.97,6.0,1.6,1.6,1.86,1.27,1.06,0.81,1.13,1.83,1.79,10.27,6.6,10.74,1.45,1.37,1.84,2.18,0.75,0.76,1.15,0.58,4.79,0.72,1.45,5.36,0.72,13.99,1.8,1.0,14.38,1.8,25977.53,21101.75,192.58,0.13,17.99,40.96,11.19,7.17,250.23,5595.16,74.94,29.91,71.27,85.6,509.56,373.01,831.28,699.4,2997.4,2597.75,1212.95,3.97,1.0
Olsztyn,Poland,53.78,20.48,5.2,31.24,5.2,1.46,1.25,1.77,0.83,1.18,0.61,0.76,0.76,2.38,5.0,3.51,7.26,0.68,0.94,1.15,2.19,0.67,0.79,0.79,0.43,5.0,0.63,1.04,3.75,0.79,16.66,1.15,0.42,8.32,1.31,16365.92,17282.08,193.64,0.05,10.62,19.58,10.75,5.0,166.57,1873.96,63.85,26.65,54.55,60.8,416.44,301.91,655.89,530.96,2550.67,1769.85,735.7,4.39,1.0
Oradea,Romania,47.05,21.93,6.92,39.56,4.35,1.98,2.97,1.78,1.27,1.15,1.03,0.85,1.07,2.36,6.28,4.39,12.17,0.69,1.07,1.21,2.37,0.52,0.61,0.49,0.5,5.93,0.67,0.93,4.55,0.59,15.83,0.54,0.55,5.48,1.58,15565.72,17146.79,70.56,0.05,7.49,29.18,16.48,5.64,458.2,5259.22,37.58,29.92,42.03,54.39,271.27,178.94,456.76,341.88,1360.72,1064.63,491.74,5.31,1.0
Ostrava,Czech Republic,49.83,18.28,7.2,31.98,6.48,1.6,2.0,2.25,1.2,0.98,0.78,1.19,1.83,1.71,8.89,6.74,9.07,1.42,1.32,1.59,2.23,0.7,0.78,1.03,0.51,6.0,0.79,1.34,5.19,1.0,19.98,1.3,1.2,13.99,1.85,19183.41,19323.28,237.87,0.15,16.79,33.97,9.69,7.29,269.77,4895.77,77.08,36.25,76.68,75.36,456.27,377.7,762.72,603.68,2196.91,1810.13,1226.09,4.05,1.0
Oulu,Finland,65.01,25.47,11.68,60.36,9.25,6.33,6.09,4.14,2.56,1.83,1.03,2.23,2.58,2.21,8.92,10.19,16.8,3.04,1.64,2.57,3.95,0.87,1.55,1.64,1.51,11.68,2.53,3.61,9.25,3.41,51.11,5.84,1.56,48.68,2.23,37767.97,30930.56,95.59,0.06,23.47,31.15,24.66,14.61,470.54,9540.56,79.31,34.82,81.86,167.91,650.48,481.89,1160.12,894.02,3426.49,1994.75,2365.31,0.98,1.0
Oviedo,Spain,43.36,-5.85,11.68,36.51,9.74,2.68,2.43,1.58,1.56,1.2,0.92,1.0,1.39,2.15,13.63,6.41,10.9,1.37,1.7,1.32,2.11,1.19,1.39,0.91,0.54,4.87,1.13,1.38,4.87,1.16,38.94,4.87,0.97,35.04,1.59,24338.17,23364.64,123.64,0.06,37.13,35.29,7.79,7.79,279.89,7447.48,66.53,26.16,82.75,95.41,480.28,394.28,810.46,584.12,1638.77,1362.93,1889.02,1.85,1.0
Paderborn,Germany,51.72,8.75,10.71,77.88,7.3,3.41,2.68,2.8,2.35,2.07,0.86,2.27,2.07,2.81,18.21,7.51,19.47,2.5,1.49,2.1,1.99,2.11,1.06,1.95,0.74,4.87,0.52,1.88,6.82,2.63,58.56,3.41,2.63,27.46,2.13,24824.93,27583.25,252.31,0.19,36.51,47.05,17.85,11.2,243.39,7009.4,115.2,41.86,111.63,103.52,511.1,486.76,1143.89,946.76,4380.87,4624.25,2239.11,2.37,1.0
Padova,Italy,45.39,11.81,14.61,56.47,7.79,4.38,3.41,1.53,2.34,1.08,1.1,1.83,1.64,2.77,13.27,8.66,11.26,1.87,1.54,2.15,2.2,1.45,1.08,0.99,0.31,5.84,1.1,1.58,5.84,1.27,36.02,5.84,1.7,25.7,1.91,29205.8,31870.82,252.84,0.21,28.78,45.9,19.47,8.76,456.48,4867.64,79.27,32.25,73.01,109.87,623.94,419.84,1203.52,900.51,3383.0,1817.25,1440.9,1.76,1.0
Palermo,Italy,38.11,13.35,9.74,48.68,8.03,3.89,3.41,1.58,1.58,0.97,0.84,1.56,1.74,2.25,12.54,8.07,12.38,1.88,1.35,1.32,2.12,0.94,0.99,1.18,0.32,3.89,1.26,1.64,5.36,1.46,35.53,7.95,0.82,19.47,2.11,22391.11,21222.88,187.3,0.19,28.88,34.07,26.61,7.79,279.89,8047.82,70.58,32.45,90.96,98.57,486.76,340.73,778.82,559.77,1661.42,1314.26,1233.13,2.01,1.0
Pamplona,Spain,42.82,-1.65,11.68,48.68,6.82,2.92,2.92,1.44,1.83,0.91,0.76,1.1,1.01,2.74,12.66,6.23,11.09,2.1,2.34,1.64,2.18,1.7,1.15,1.1,1.03,6.33,0.91,2.22,4.87,1.29,29.2,2.92,1.1,14.07,1.44,22877.87,17036.71,109.22,0.1,36.99,31.97,6.82,7.1,389.41,6814.69,85.48,29.2,87.62,102.22,766.65,669.3,1103.33,888.34,4218.62,2725.88,2498.95,1.68,1.0
Pardubice,Czech Republic,50.04,15.78,5.19,27.97,6.49,1.86,2.4,1.6,1.26,1.2,0.91,0.92,1.33,1.59,8.63,5.94,11.66,1.38,1.3,1.43,2.53,0.73,0.62,1.15,0.66,4.59,0.79,1.45,5.14,0.72,19.59,2.78,1.0,12.99,1.85,21980.99,21980.99,191.83,0.13,17.44,32.86,11.69,7.2,199.82,1998.27,89.92,30.98,96.58,86.59,426.29,419.64,719.37,606.14,2789.37,2397.92,1132.35,5.06,1.0
Paris,France,48.86,2.32,14.61,58.41,9.74,6.82,5.84,3.59,2.66,2.25,1.15,1.95,2.12,3.39,16.18,12.02,21.37,2.94,1.97,2.63,3.58,2.12,2.09,1.41,0.79,7.79,1.95,2.8,10.22,1.85,73.01,4.87,1.77,44.3,1.97,21417.58,26498.18,184.26,0.17,28.97,34.83,13.08,12.17,713.92,15993.65,95.95,39.28,86.48,125.74,1261.26,928.09,2796.67,1908.66,12050.62,8536.25,2542.81,1.56,1.0
Parma,Italy,44.7,10.1,14.61,68.14,8.76,4.87,4.14,1.56,2.49,0.97,1.29,1.76,1.82,2.65,17.04,7.65,13.22,1.68,1.65,1.87,3.53,1.12,1.32,0.91,0.65,4.87,2.36,2.43,5.64,1.46,34.07,3.41,1.27,21.91,2.07,24873.6,25871.47,192.76,0.29,29.2,50.77,17.77,9.25,608.45,4332.2,84.57,38.94,92.49,140.47,527.33,438.09,900.51,766.65,2563.62,1801.03,1446.3,2.24,1.0
Pescara,Italy,42.31,13.96,17.53,58.41,8.76,4.63,3.65,1.4,2.68,0.97,1.15,1.76,2.11,3.03,10.59,7.13,13.47,2.06,1.57,1.88,2.16,1.53,1.78,1.95,0.58,5.84,1.03,2.27,5.75,1.46,33.58,5.36,1.46,48.68,2.13,19470.53,19470.53,189.84,0.32,29.2,48.65,18.26,7.79,438.09,7739.53,82.1,31.64,94.43,139.54,535.44,421.86,859.95,616.57,1947.05,1460.29,1237.77,1.76,1.0
Pisa,Italy,43.47,10.68,11.68,58.41,7.3,4.87,4.87,1.38,2.68,1.07,1.15,1.54,1.76,3.27,15.82,8.37,15.09,1.93,1.41,2.04,2.78,1.95,2.08,1.33,0.35,7.79,1.39,2.27,5.55,1.46,31.15,4.45,1.95,23.36,2.08,20444.06,26285.22,196.18,0.1,27.25,42.49,12.66,8.28,389.41,11098.21,76.66,51.11,75.93,138.73,535.44,523.27,1022.2,778.82,3407.34,2117.42,1314.26,2.49,1.0
Plovdiv,Bulgaria,42.14,24.75,7.4,29.62,5.55,1.24,2.22,1.47,1.11,0.66,1.18,0.73,1.58,2.21,7.14,5.3,9.07,1.26,1.38,1.25,1.68,0.76,0.81,0.76,0.56,4.93,0.82,1.39,2.97,0.49,24.69,0.74,0.48,5.92,1.44,20281.79,20023.36,74.89,0.15,11.32,23.2,9.01,6.79,256.08,3591.25,38.02,24.45,63.18,81.63,280.61,202.11,455.47,341.75,1213.73,816.72,633.83,3.09,1.0
Pordenone,Italy,45.96,12.66,14.61,58.41,7.98,4.63,3.89,1.54,2.51,1.1,1.03,1.66,1.79,3.27,9.01,9.08,16.55,1.69,1.73,2.28,2.64,1.23,1.45,1.27,0.38,4.87,1.19,2.12,5.06,1.46,43.81,2.77,1.74,40.89,2.0,23364.64,26224.37,193.83,0.13,30.3,40.57,15.25,9.35,316.4,6814.69,65.36,30.46,66.32,97.35,512.08,440.03,798.29,632.79,1419.72,1135.78,1443.31,2.27,1.0
Porto,Portugal,41.15,-8.61,8.76,38.94,6.82,1.95,2.04,1.66,1.46,1.02,0.69,1.17,1.06,2.03,8.19,5.69,10.03,1.81,1.24,1.3,1.65,1.08,1.25,1.15,0.52,3.89,1.02,1.84,5.11,1.46,38.94,3.16,0.68,14.5,1.93,24338.17,27589.75,112.14,0.26,33.0,36.76,15.8,6.82,349.56,7167.95,77.02,27.74,69.36,87.62,743.17,581.98,1312.8,903.37,3341.63,1906.38,956.85,2.11,1.0
Poznan,Poland,52.4,16.92,6.25,31.24,5.2,2.08,1.98,2.39,1.26,1.22,0.69,0.87,0.84,2.06,6.11,4.16,8.26,0.84,1.12,1.33,2.11,0.62,0.62,0.8,0.48,5.2,0.79,1.2,3.75,1.04,24.98,1.66,0.58,7.29,1.41,18323.17,20109.67,120.48,0.05,13.17,26.66,14.16,6.04,264.74,4407.28,67.15,30.95,62.46,75.48,479.4,401.64,744.69,600.62,2654.78,1946.84,896.85,4.08,1.0
Riga,Latvia,56.95,24.11,10.22,48.68,6.82,3.89,2.92,2.67,1.2,1.14,1.28,1.08,2.03,2.3,9.41,6.81,10.01,1.3,1.48,1.8,2.69,0.83,0.58,1.3,0.69,6.82,1.5,1.58,4.38,1.12,48.68,2.28,0.74,9.74,1.86,21225.8,21393.25,281.5,0.11,16.44,37.72,21.6,8.76,354.41,14137.23,61.43,38.62,66.78,95.93,424.61,313.23,781.04,521.81,2291.03,1369.06,1008.03,2.26,1.0
Rimini,Italy,43.95,12.63,14.61,58.41,7.79,4.87,3.89,1.71,2.84,0.97,1.1,2.18,1.91,2.6,11.01,9.23,15.56,1.82,1.84,1.88,2.19,1.2,1.4,1.18,0.36,4.87,1.07,1.42,5.84,1.46,32.61,4.67,1.27,21.61,2.02,28426.98,26934.24,181.62,0.27,27.6,36.31,20.69,7.79,450.26,2433.81,66.93,39.67,80.97,105.47,584.12,547.61,924.85,793.42,3602.05,2060.63,1557.64,1.81,1.0
Rome,Italy,41.89,12.48,15.09,68.14,8.76,4.87,4.87,1.39,1.93,1.06,1.49,1.46,2.05,3.32,15.32,9.19,14.64,2.22,1.76,2.22,2.5,1.49,1.46,1.06,0.49,6.33,1.45,2.24,5.84,1.46,34.07,4.38,1.07,29.2,1.91,24338.17,26472.97,182.77,0.18,27.03,48.71,17.44,8.76,448.57,8282.62,77.73,33.74,89.13,106.69,988.82,672.62,2110.47,1264.02,6582.89,3312.91,1459.36,1.84,1.0
Rotterdam,Netherlands,51.92,4.48,14.61,63.28,8.03,4.87,3.89,2.95,2.37,2.34,1.01,1.74,1.81,2.28,10.27,8.32,24.47,2.58,1.31,1.38,2.47,1.07,0.89,0.78,0.84,5.83,1.17,1.67,7.98,3.89,77.88,3.89,1.89,22.68,2.06,24338.17,27025.34,208.18,0.06,39.6,27.96,10.13,11.93,1475.03,7420.7,62.47,30.05,85.27,91.51,1252.64,955.18,1827.51,1475.62,4426.43,2847.56,2945.64,2.21,1.0
Salzburg,Austria,47.8,13.05,14.12,58.41,8.76,4.29,3.89,3.52,3.31,2.72,1.3,2.0,1.54,3.55,16.55,9.31,11.29,2.31,1.72,2.99,3.06,1.92,1.22,1.01,0.57,5.84,1.0,1.25,5.84,2.43,38.94,3.7,1.92,23.56,1.78,22838.93,18975.66,261.0,0.11,29.75,30.82,19.47,9.74,463.4,12980.36,80.66,33.26,94.92,126.56,919.01,743.13,1446.13,1141.19,6571.3,4456.56,2275.03,2.05,1.0
Santander,Spain,43.46,-3.81,11.68,38.94,7.79,2.43,2.0,1.83,1.22,1.1,0.96,0.75,1.4,2.05,11.03,6.41,10.95,1.83,1.68,1.62,1.89,1.0,1.5,0.84,0.71,4.87,1.23,1.88,5.02,1.27,33.58,2.43,1.27,21.42,1.5,19470.53,18821.52,141.35,0.3,35.29,35.47,9.41,6.67,243.39,11682.32,78.85,24.33,63.28,69.12,559.77,421.86,973.53,730.15,2920.58,1752.35,1699.84,1.85,1.0
Sibiu,Romania,45.8,24.15,5.93,29.67,4.75,1.39,1.78,1.64,0.99,0.95,1.15,0.88,1.18,1.64,5.49,4.67,7.63,0.76,1.08,1.18,1.39,0.47,0.61,0.6,0.53,4.94,0.88,1.32,4.25,0.5,11.86,0.61,0.61,5.98,1.58,15565.72,18893.33,114.52,0.04,7.71,31.64,13.45,5.84,260.42,3626.05,46.85,36.26,60.57,67.99,266.73,213.09,457.46,393.82,1419.32,1079.38,581.26,6.66,1.0
Sliema,Malta,35.91,14.5,14.61,73.01,8.28,3.89,3.89,2.37,2.11,1.46,1.03,1.08,2.89,3.08,8.89,8.21,16.63,2.82,2.13,2.93,2.3,1.67,1.69,1.4,1.03,7.3,1.82,2.47,5.64,1.95,25.31,4.87,1.46,34.07,1.33,23364.64,27064.04,104.16,0.3,34.07,54.92,23.53,9.74,474.59,7723.31,68.14,31.98,85.79,101.52,880.81,699.4,1701.11,1200.68,4064.48,2969.25,1302.96,3.43,1.0
Sofia,Bulgaria,42.7,23.32,9.88,34.55,5.92,1.73,2.47,1.78,1.12,0.77,1.45,0.94,1.75,2.38,8.68,7.07,10.1,1.39,1.51,1.48,2.19,0.89,0.8,0.83,0.56,5.92,0.81,1.43,2.97,0.79,24.69,1.03,0.59,8.89,1.61,22213.9,21117.73,123.98,0.18,11.83,27.35,13.41,7.4,404.63,6647.35,59.76,30.93,73.13,80.04,412.37,311.25,765.14,523.86,2346.33,1501.63,929.37,2.91,1.0
Split,Croatia,43.51,16.44,8.38,38.69,5.67,2.58,2.9,1.75,2.17,1.37,0.92,1.03,2.28,2.29,8.27,8.68,9.43,1.3,1.3,1.57,1.88,0.88,0.79,0.96,0.85,5.16,1.18,1.64,4.39,1.42,37.4,2.58,1.03,10.29,1.51,23214.83,19309.58,106.54,0.15,23.65,34.4,9.4,5.54,112.05,5803.7,70.13,30.08,63.05,84.64,457.57,333.89,768.75,575.59,3527.1,2672.31,884.66,2.67,1.0
Stockholm,Sweden,59.33,18.07,11.63,71.57,8.06,6.26,6.26,3.65,2.12,1.9,1.33,2.58,2.55,3.46,8.86,10.91,17.03,2.78,2.25,2.35,3.64,1.27,1.19,2.09,1.34,9.84,1.85,2.11,6.17,3.49,86.79,4.47,2.55,46.75,2.0,25051.27,24794.36,95.11,0.13,31.48,39.81,31.78,13.42,124.52,7828.52,80.33,36.78,86.97,114.81,1270.88,942.22,2126.28,1485.45,10277.45,6243.68,2791.19,2.32,1.0
Stuttgart,Germany,48.78,9.18,11.68,58.41,8.91,3.89,3.89,3.01,2.79,2.48,1.1,1.86,2.18,2.7,12.29,7.67,12.38,2.06,1.54,2.25,1.99,1.82,1.27,1.17,0.59,4.87,0.64,1.57,7.16,2.68,70.29,3.41,2.24,30.66,2.07,22391.11,23460.37,221.31,0.11,32.55,41.98,19.23,11.68,361.42,11130.24,75.61,29.76,65.11,102.83,973.53,797.09,1742.29,1265.59,8079.42,5850.2,3152.25,2.41,1.0
Suceava,Romania,47.53,25.83,5.15,23.73,4.55,1.39,1.82,1.23,1.11,0.89,0.88,0.8,1.28,1.4,4.55,4.32,5.15,0.62,1.09,0.86,1.58,0.44,0.51,0.71,0.54,3.95,0.62,0.96,4.16,0.5,15.83,0.99,0.5,5.93,1.58,15565.72,13185.66,77.15,0.05,8.69,21.76,6.92,4.94,257.12,3560.13,40.87,12.86,71.69,59.33,241.19,197.78,390.62,332.4,1123.28,936.07,616.99,6.16,1.0
Szczecin,Poland,53.43,14.59,6.76,30.19,5.2,1.35,2.08,2.39,0.94,0.74,0.69,0.82,0.89,1.91,8.03,4.14,9.37,0.81,1.23,1.4,1.91,0.53,0.71,0.77,0.51,4.17,0.77,1.07,3.91,0.42,20.82,1.04,0.52,8.32,1.36,16365.92,20401.18,145.06,0.11,12.2,28.81,16.66,4.68,277.62,3734.04,58.6,29.75,60.98,69.09,468.83,445.07,688.9,627.25,2542.81,2006.23,889.27,5.31,1.0
Szeged,Hungary,46.25,20.15,4.99,29.69,4.75,0.95,1.42,1.3,0.87,0.68,0.79,1.04,1.15,1.87,7.7,4.17,9.15,1.27,1.34,1.49,2.31,0.91,0.74,0.91,0.31,4.4,0.72,1.26,4.65,0.95,19.0,1.42,1.05,9.27,1.14,15677.38,20759.47,128.04,0.06,10.85,28.98,9.81,4.19,150.67,4655.71,47.51,24.94,51.07,64.14,302.01,203.89,432.32,308.8,1959.67,1662.75,662.9,3.97,1.0
Szombathely,Hungary,47.23,16.62,7.6,33.26,4.75,1.12,1.66,1.85,1.08,0.88,0.55,0.65,0.99,1.23,6.29,3.69,10.69,1.09,1.01,1.07,2.1,0.8,1.11,0.79,0.32,2.13,0.62,0.97,4.51,0.83,22.57,1.42,0.71,7.12,1.14,13420.79,15736.77,106.41,0.06,11.88,21.38,7.9,4.52,178.15,2375.36,63.34,27.72,63.34,60.57,292.96,217.74,482.99,364.22,1609.7,1332.58,726.86,5.24,1.0
Tallinn,Estonia,59.44,24.75,12.66,58.41,6.82,4.87,4.87,3.21,1.94,1.61,0.93,1.04,1.88,2.18,8.81,6.91,12.78,1.63,1.15,1.89,2.56,0.91,0.69,1.25,0.82,7.79,1.51,1.86,4.92,1.46,29.2,2.92,0.78,11.68,1.9,22391.11,23094.61,282.62,0.06,25.16,50.21,32.12,8.76,290.97,5675.66,80.28,34.55,80.66,103.99,647.03,468.91,1197.44,797.07,3918.17,2586.65,1315.32,2.11,1.0
Tampere,Finland,61.5,23.76,12.17,77.88,8.28,5.84,5.84,3.65,2.16,2.03,0.88,1.87,1.69,2.22,5.97,9.89,14.64,1.83,1.47,1.57,2.82,0.89,1.4,1.72,1.15,11.68,2.48,2.96,8.95,2.63,54.52,5.75,1.51,43.23,2.16,27258.75,25149.44,88.14,0.06,21.06,30.58,16.55,14.12,267.14,3894.11,85.46,40.04,80.54,114.39,743.13,585.74,1179.36,883.13,4108.28,3093.39,2356.06,1.1,1.0
Tarragona,Spain,41.12,1.25,10.71,41.37,6.82,1.46,1.95,1.56,1.65,1.2,0.83,1.37,1.21,1.91,8.03,5.97,10.22,2.07,1.85,2.6,1.89,1.58,1.7,1.22,0.72,5.64,1.04,1.52,5.36,1.46,41.37,3.89,1.07,24.33,1.57,23364.64,22066.6,170.47,0.05,42.18,41.37,11.68,7.79,369.94,9735.26,43.81,36.26,71.39,79.51,616.57,486.76,837.23,632.79,2321.86,1435.95,1905.4,2.54,1.0
Tartu,Estonia,58.38,26.72,9.74,58.41,6.23,3.89,3.89,2.87,1.69,1.27,0.83,0.91,1.68,1.96,9.5,6.29,15.46,1.37,1.11,1.57,2.38,0.66,0.49,1.68,0.66,7.79,1.32,1.82,4.5,0.97,21.91,2.43,0.58,13.63,1.67,19470.53,20119.55,200.18,0.03,25.48,41.51,27.25,7.57,126.15,13499.57,89.81,26.88,64.75,98.22,428.35,346.82,845.75,584.12,2566.86,1734.02,1173.97,2.21,1.0
Tilburg,Netherlands,51.59,5.07,11.68,73.01,8.28,4.87,3.41,2.68,2.64,2.25,0.97,1.8,1.94,1.75,10.6,7.77,25.42,2.48,1.24,1.34,2.39,1.12,0.88,0.73,0.63,5.83,1.15,1.64,7.79,3.16,121.69,3.46,1.56,29.2,2.05,32019.29,28394.85,229.39,0.18,40.97,26.08,15.46,9.25,1338.6,5841.16,51.84,24.33,98.94,105.47,1069.0,865.74,1506.44,1262.02,3070.02,2536.52,2036.29,1.9,1.0
Toulouse,France,43.6,1.44,15.82,58.41,8.76,5.84,4.87,2.6,2.27,1.84,1.02,1.62,1.36,2.88,15.82,10.21,18.69,2.94,2.07,2.92,3.52,1.51,1.54,1.12,0.78,5.84,1.63,2.5,9.93,1.65,52.57,3.31,1.95,32.22,1.94,21417.58,24054.22,176.47,0.09,30.4,30.51,11.67,10.22,519.09,9491.89,90.26,39.5,70.58,105.7,650.64,514.75,1390.75,959.39,4141.38,2944.92,2562.32,1.08,1.0
Trento,Italy,46.1,11.13,13.63,63.28,7.79,4.87,4.87,1.56,2.63,1.22,1.2,2.05,1.93,2.73,11.56,9.83,21.26,1.62,1.19,2.24,2.11,1.15,1.2,1.48,0.4,6.57,1.24,1.54,5.84,1.16,31.54,7.3,1.95,17.95,2.0,26747.64,23040.13,153.47,0.15,30.3,59.66,20.21,8.76,523.27,4867.64,60.03,29.53,76.05,128.18,681.47,511.1,1246.11,997.87,5192.14,3407.34,1603.08,1.15,1.0
Treviso,Italy,45.81,12.21,14.61,68.14,7.79,5.11,3.89,1.43,2.37,1.14,1.15,1.97,1.73,3.57,10.9,8.76,16.35,1.49,1.64,1.77,2.66,1.16,1.14,0.9,0.54,4.87,1.27,1.79,5.6,1.95,35.53,7.59,0.92,48.68,1.95,24216.47,26020.74,175.24,0.22,29.8,42.42,20.45,8.76,374.81,10384.28,66.53,47.46,73.98,110.33,640.1,494.87,1557.64,876.17,3134.76,1784.67,1476.11,2.15,1.0
Trieste,Italy,45.65,13.78,14.61,68.14,8.28,4.38,3.89,1.44,2.57,1.25,1.09,2.01,2.23,2.78,10.4,9.48,15.75,1.98,1.61,2.12,2.58,1.49,1.99,1.53,0.55,5.36,1.26,2.26,5.64,1.31,34.8,3.41,1.16,24.33,2.09,25311.7,27988.9,193.31,0.1,30.8,53.55,22.72,9.74,559.77,13434.66,87.62,32.12,83.72,143.11,559.77,513.53,876.17,876.17,1942.18,1581.98,1474.47,1.4,1.0
Turin,Italy,45.07,7.68,12.66,55.01,8.76,4.87,3.89,1.4,2.2,1.02,1.36,1.5,2.08,2.87,12.7,9.96,16.22,1.77,1.61,1.86,2.21,1.1,1.12,0.91,0.38,5.11,1.29,1.92,5.84,1.65,36.99,4.87,1.67,29.2,1.9,23681.03,25766.81,176.31,0.14,27.25,35.79,18.5,8.76,556.13,11438.94,60.3,26.9,68.91,101.93,529.82,405.86,1259.5,745.0,3200.06,1651.4,1497.98,1.64,1.0
Turku,Finland,60.45,22.27,12.17,97.35,7.79,6.33,6.82,3.36,2.37,1.76,0.92,2.11,1.95,2.64,8.99,9.74,17.36,2.16,1.44,2.19,3.15,1.03,1.4,1.61,1.45,11.68,2.43,3.11,8.76,2.92,53.55,8.47,1.95,43.23,2.14,24338.17,27258.75,139.58,0.06,19.04,39.62,18.26,14.12,340.73,3894.11,80.31,30.4,73.01,109.17,675.48,552.74,1112.6,842.1,4186.16,1927.59,2466.27,1.37,1.0
Udine,Italy,46.06,13.24,11.68,61.34,7.79,4.63,3.65,1.4,2.76,1.46,1.16,1.84,1.58,2.37,8.43,5.72,14.93,1.31,1.25,2.29,2.43,0.9,1.01,0.75,0.42,4.87,1.13,1.64,5.69,1.39,31.15,5.84,1.46,24.81,2.06,23754.05,25311.7,147.18,0.06,28.2,42.59,16.8,7.3,428.35,7885.57,54.76,49.65,66.93,83.56,408.88,331.0,559.77,457.56,1272.07,876.17,1457.97,1.54,1.0
Ulm,Germany,48.4,9.99,11.68,53.55,8.28,3.75,3.41,3.16,2.92,2.22,1.04,2.43,2.12,2.5,12.08,9.2,8.76,2.3,1.55,1.94,0.79,1.12,0.87,0.88,0.42,4.86,0.56,1.4,6.91,2.43,60.36,2.68,3.11,23.36,2.1,25311.7,36507.25,230.4,0.08,32.61,45.43,12.66,8.28,454.31,9121.94,100.6,32.85,71.79,99.79,900.51,754.48,1338.6,1070.88,5111.01,3894.11,3030.1,1.96,1.0
Uppsala,Sweden,59.86,17.64,10.74,71.57,7.6,6.26,7.83,3.23,1.81,1.72,1.07,2.38,2.19,2.57,8.96,9.56,13.51,2.13,2.13,2.53,3.11,1.26,1.14,1.76,1.42,8.94,1.75,2.77,5.64,2.69,86.79,5.81,2.14,29.53,1.84,25945.95,28630.02,91.45,0.07,32.58,29.28,27.56,13.42,122.27,4697.11,91.36,27.96,68.2,105.13,786.05,531.22,1308.48,843.56,3662.63,2594.6,2307.18,2.15,1.0
Utrecht,Netherlands,52.09,5.12,16.55,58.41,8.83,4.87,4.63,3.25,2.76,2.2,1.01,1.83,1.71,2.6,11.21,7.94,25.23,2.64,1.36,1.4,2.57,1.18,0.88,0.87,0.95,5.83,1.16,2.07,7.98,2.58,87.62,6.82,2.37,35.04,2.06,24338.17,31019.84,237.96,0.16,41.61,38.56,22.5,12.12,1636.5,7182.46,92.3,42.59,70.85,104.55,1253.14,977.82,1931.24,1581.37,5568.01,3963.33,3048.37,2.64,1.0
Valencia,Spain,39.47,-0.38,11.68,43.81,7.79,2.92,2.92,1.96,1.81,1.34,0.84,0.99,1.1,2.04,12.18,6.68,12.52,1.94,1.52,1.72,1.93,1.53,1.54,1.1,0.58,4.87,0.93,1.45,5.02,1.46,29.2,3.89,0.97,24.33,1.57,19470.53,19251.49,130.74,0.13,31.59,35.79,8.87,7.3,425.3,7773.07,63.28,28.53,68.55,86.73,746.93,552.29,1345.0,813.87,3158.56,1568.46,1439.03,1.95,1.0
Valletta,Malta,35.9,14.51,17.53,77.88,8.76,2.92,3.89,2.82,1.98,1.43,1.01,1.52,2.61,2.53,11.35,8.76,14.27,2.43,1.76,2.12,3.6,2.43,2.92,1.71,1.38,6.82,1.67,3.04,5.55,1.46,25.31,6.33,1.95,29.2,1.33,16549.95,20768.57,146.89,0.37,49.76,69.77,25.55,14.61,518.89,9248.5,101.01,62.07,124.12,165.5,906.6,772.74,2397.31,1373.75,8112.72,5743.81,1094.6,4.31,1.0
Varna,Bulgaria,43.21,27.86,5.92,30.61,4.93,1.61,2.47,1.47,1.05,0.85,1.23,0.75,1.76,2.08,6.7,5.35,8.34,1.19,1.43,1.27,1.93,0.78,0.61,0.64,0.52,4.93,0.72,1.17,2.97,0.79,19.74,0.98,0.49,10.37,1.45,19745.69,19196.66,106.89,0.21,11.59,25.59,12.07,5.92,331.45,3825.73,42.24,28.69,67.92,74.63,289.33,221.31,557.59,397.68,1585.71,935.94,682.46,2.86,1.0
Vejle,Denmark,55.71,9.53,15.72,78.58,11.66,6.87,5.24,5.56,4.58,2.78,1.47,1.7,2.18,3.58,10.98,7.21,12.44,2.62,2.88,2.84,3.44,1.52,1.76,2.05,1.01,10.48,1.27,2.62,7.21,3.14,52.38,10.22,2.62,72.03,1.88,41841.83,27501.67,213.75,0.13,33.81,29.46,52.38,13.1,458.36,7333.78,91.68,54.02,91.68,130.96,671.18,611.15,1309.6,1031.31,2837.47,2095.36,3236.9,1.85,1.0
Venice,Italy,45.44,12.33,14.61,68.14,8.76,4.87,4.38,1.76,2.97,1.23,0.97,2.37,1.7,2.83,13.61,9.25,15.09,1.82,1.72,2.11,3.8,1.03,1.78,0.78,0.33,5.36,1.95,1.07,5.45,1.46,36.02,3.11,1.53,30.96,2.08,24199.93,26905.04,261.48,0.06,28.71,53.55,20.12,11.68,438.09,3699.4,71.55,42.59,105.14,128.99,644.96,584.12,1460.29,1135.78,4131.4,2324.3,1508.97,1.29,1.0
Verona,Italy,45.44,10.99,14.61,51.11,7.79,4.87,3.41,1.47,2.6,1.27,1.07,2.07,2.32,2.64,10.68,9.13,16.92,1.64,1.7,1.88,2.81,1.4,1.34,0.91,0.28,4.87,1.39,1.33,5.75,1.27,36.02,5.16,1.22,25.12,2.06,22391.11,26163.53,158.99,0.18,26.56,50.5,16.74,9.64,584.12,3894.11,75.79,32.69,85.99,113.17,762.59,502.99,1411.61,790.99,5841.16,2109.3,1480.64,1.83,1.0
Vicenza,Italy,45.63,11.41,12.66,58.41,8.28,4.87,3.89,1.49,2.56,1.4,1.35,1.89,1.5,3.2,9.72,8.33,16.2,1.88,1.7,2.16,3.01,1.19,1.95,1.83,0.45,4.87,1.78,2.19,5.75,1.95,38.94,7.79,2.43,31.64,2.03,23510.67,27258.75,233.58,0.13,27.25,41.37,27.59,9.53,447.82,4137.49,91.68,31.15,71.39,97.35,484.33,395.25,949.19,681.47,2563.62,1525.19,1533.31,2.73,1.0
Vienna,Austria,48.21,16.37,14.61,58.41,8.76,4.38,3.99,3.59,2.8,2.18,1.26,1.85,1.79,3.4,10.82,10.07,15.26,2.26,1.69,2.46,2.88,1.61,1.36,1.47,0.65,5.84,1.01,1.38,5.84,2.34,32.12,3.89,1.66,27.06,1.88,22838.93,18913.79,200.06,0.06,31.55,27.46,19.84,11.44,256.6,11025.18,89.34,32.66,86.68,118.28,921.38,642.65,1887.02,1247.17,8608.79,5398.9,2527.18,1.94,1.0
Vigo,Spain,42.24,-8.72,10.22,40.4,6.82,2.31,2.43,1.36,1.54,1.08,0.73,0.98,0.9,1.8,7.01,6.33,8.52,1.56,1.3,1.6,1.76,1.23,1.46,0.84,0.46,3.89,0.78,1.26,4.87,1.31,43.81,3.75,0.97,19.62,1.43,19957.3,18747.55,104.71,0.1,37.72,33.1,6.49,7.79,316.4,4322.46,66.69,24.33,55.98,73.01,501.37,405.64,941.08,730.15,1995.73,1152.0,1278.57,2.85,1.0
Vila Nova de Gaia,Portugal,41.13,-8.61,7.79,27.25,6.33,2.14,1.46,1.25,1.21,0.97,0.63,0.91,1.23,2.13,9.93,5.81,10.74,1.91,1.24,1.22,1.48,0.84,1.1,1.18,0.97,4.38,1.15,1.39,5.03,1.46,38.94,3.89,0.97,19.47,1.96,29205.8,28339.36,111.66,0.18,41.1,33.58,18.99,6.96,365.07,8761.74,76.35,32.45,65.28,89.39,649.02,438.09,1200.68,905.38,2439.26,1381.63,985.7,2.42,1.0
Vilnius,Lithuania,54.69,25.28,9.25,48.68,5.84,3.89,3.89,2.73,1.76,1.49,1.31,1.27,2.0,2.14,9.22,6.15,9.22,1.27,1.32,1.62,2.46,0.73,0.6,1.21,0.72,7.3,1.29,1.55,4.38,0.73,28.72,1.22,0.68,8.28,1.8,22062.55,22191.0,189.56,0.17,13.44,30.48,24.09,7.79,418.31,7781.01,68.89,33.92,75.99,97.07,714.29,493.13,1265.74,775.08,3807.14,2448.57,1179.03,2.24,1.0
Warsaw,Poland,52.23,21.07,7.29,41.64,5.83,2.92,2.92,2.74,1.26,1.19,0.73,0.91,1.24,2.31,6.91,5.18,9.65,0.81,1.21,1.44,2.1,0.68,0.7,0.93,0.5,6.25,0.91,1.29,3.75,0.91,22.9,1.66,0.63,8.32,1.53,21424.58,20575.79,183.84,0.06,12.43,27.94,15.45,6.25,367.54,10385.11,69.2,30.63,71.22,85.14,732.71,569.16,1354.8,1026.08,4129.66,2653.58,1188.29,7.4,1.0
Waterford,Ireland,52.26,-7.11,18.5,82.75,8.76,5.11,4.87,3.3,1.48,1.38,1.25,2.0,1.94,2.85,7.36,8.77,9.41,2.39,1.89,2.8,1.85,2.0,1.27,0.97,1.4,12.17,2.17,2.43,14.61,2.43,63.28,4.14,1.11,23.36,1.87,28719.03,32158.83,190.6,0.33,52.73,42.18,19.47,9.74,775.57,1460.29,86.23,44.62,93.04,106.12,971.36,923.02,1698.26,1460.29,3082.83,2705.37,2504.16,3.54,1.0
Xanthi,Greece,41.14,24.89,11.68,35.04,5.84,4.14,4.14,2.68,1.91,0.49,1.15,0.9,1.25,2.8,8.63,6.26,8.76,1.51,1.41,1.15,1.64,0.77,0.92,0.66,0.73,6.82,1.02,1.64,4.38,0.49,14.61,2.92,0.72,14.12,2.05,20736.11,18172.5,181.47,0.11,34.56,32.45,15.58,7.79,292.05,7836.89,62.55,34.78,52.73,71.26,267.72,227.15,450.26,340.73,1119.56,1034.37,765.94,4.1,1.0
Zadar,Croatia,44.12,15.24,7.74,64.49,6.45,2.58,2.58,1.58,2.28,1.71,0.96,1.04,2.12,2.54,13.27,8.64,11.1,1.31,1.35,1.55,1.98,0.91,0.86,0.81,0.93,5.8,1.1,1.42,4.39,1.55,38.69,3.22,1.03,9.03,1.56,24504.55,21602.69,188.8,0.09,26.65,32.24,13.54,5.8,171.96,3869.14,79.96,25.79,72.01,82.76,412.3,329.79,833.16,616.48,2798.92,2263.13,724.82,3.68,1.0
